question,bloom_level,source, language
"""Economists state that both allocative and productive efficiencies are realized in the long-run equilibrium of a monopolistically competitive market"". State whether you agree or disagree with the statement. Graphically illustrate and explain the statement.",Analyze,figshare_exam_questions,en
"""Investment strategies used by the investors of futures and forward markets help to maintain market efficiency"". Based on the above statement, differentiate THREE (3) main investment strategies used by futures and forward markets' investors.",Analyze,figshare_exam_questions,en
"""Trading strategies used by investors of futures and forwards markets help to maintain market efficiency"". Based on the above statement, Differentiate between all THREE (3) main trading strategy used by futures and forward markets' investors..",Analyze,figshare_exam_questions,en
Analyse the behavior of subsoil of coarse grained non-cohesive soils and fine grained cohesive soils.,Analyze,figshare_exam_questions,en
Analyse the usage of a reading passages to enhance reading and thinking skills for Form 4 students with a high proficiency level.,Analyze,figshare_exam_questions,en
Analyze FIVE (5) disadvantages of multimedia in education.,Analyze,figshare_exam_questions,en
Analyze FOUR (4) advantages of mobile assisted learning as an emerging digital technology used in teaching and learning.,Analyze,figshare_exam_questions,en
Analyze SIX (6) types of modern construction problems as to how they negatively impact the various building functions.,Analyze,figshare_exam_questions,en
Analyze THREE (3) factors that can affect the option premium.,Analyze,figshare_exam_questions,en
Analyze a distinction. State the point of view of . . .,Analyze,figshare_exam_questions,en
"Analyze a work of art in terms of form, color and texture.",Analyze,figshare_exam_questions,en
Analyze and discuss the challenges and opportunities that social media creates.,Analyze,figshare_exam_questions,en
Analyze and discuss the conceptual influence of the philosophy on education today.,Analyze,figshare_exam_questions,en
Analyze and explain the critical purpose of the components design of a raking shore to avoid façade retention failure.,Analyze,figshare_exam_questions,en
Analyze safe and dangerous aspects of these features.,Analyze,figshare_exam_questions,en
Analyze the causes of infant mortality during and after production.,Analyze,figshare_exam_questions,en
Analyze the characteristics of frogs.,Analyze,figshare_exam_questions,en
Analyze the effect of similarity-dissimilarity on attraction by using TWO (2) theories.,Analyze,figshare_exam_questions,en
Analyze the following questionnaire.,Analyze,figshare_exam_questions,en
Analyze the movements and sounds of a frog.,Analyze,figshare_exam_questions,en
"Analyze the problem, identifying its variables.",Analyze,figshare_exam_questions,en
Analyze the product-market options that are available to Associated Meats Sdn Bhd.,Analyze,figshare_exam_questions,en
Analyze the purpose of having a Purchasing Department in an organization.,Analyze,figshare_exam_questions,en
Analyze the roles of web container or servlet container in a web server in the context of request response model.,Analyze,figshare_exam_questions,en
Analyze the selected information.,Analyze,figshare_exam_questions,en
Break down the components of a standard film camera and explain how they interact to make the machine work.,Analyze,figshare_exam_questions,en
Break down the main actions of the story.,Analyze,figshare_exam_questions,en
Briefly analyse the SIX (6) internal control procedures over the payroll process of a multinational organisation.,Analyze,figshare_exam_questions,en
"By comparing the map of the tectonic plates to the earthquake map, what inferences can you make?",Analyze,figshare_exam_questions,en
"By drawing appropriate diagrams, differentiate between flat file model and database model.",Analyze,figshare_exam_questions,en
Can you analyze the fractures and determine which should be repaired surgically,Analyze,figshare_exam_questions,en
Can you compare your . . . with that presented in . . .?,Analyze,figshare_exam_questions,en
Can you differentiate between ethnic Chinese and ethnic Koreans,Analyze,figshare_exam_questions,en
Can you discriminate the difference parts . . . ?,Analyze,figshare_exam_questions,en
Can you distinguish aged rums from unaged rums by smell,Analyze,figshare_exam_questions,en
Can you distinguish between . . .?,Analyze,figshare_exam_questions,en
Can you distinguish for me between what is reasonably achievable and what are exaggerations,Analyze,figshare_exam_questions,en
Can you distinguish pot still rums from column still rums by taste,Analyze,figshare_exam_questions,en
Can you explain what must have happened when . . .?,Analyze,figshare_exam_questions,en
Can you find four different feelings Pa Lia had during the story?,Analyze,figshare_exam_questions,en
Can you please analyze modern contemporary culture and tell me how your work plays a significant part in the remains of our post-modernist culture ?,Analyze,figshare_exam_questions,en
Categorize the story into parts and think of a good title for each of the parts.,Analyze,figshare_exam_questions,en
Compare FOUR (4) point of views of entrepreneurs with FOUR (4) for managers the way they look at the things.,Analyze,figshare_exam_questions,en
Compare Zener breakdown with avalanche breakdown in a pn junction and state THREE differences. Name a device that utilizes each breakdown mode.,Analyze,figshare_exam_questions,en
Compare and contrast Address Verification System (AVS) and Card verification number (CVN).,Analyze,figshare_exam_questions,en
Compare and contrast Manufacturing Resource Planning (MRP-II) and Lean Manufacturing.,Analyze,figshare_exam_questions,en
Compare and contrast animals that the class has made.,Analyze,figshare_exam_questions,en
Compare and contrast between low context cultures and high context cultures.,Analyze,figshare_exam_questions,en
Compare and contrast between signal and pipe methods in the context of inter process communication.,Analyze,figshare_exam_questions,en
Compare and contrast continuous and discontinuous replications.,Analyze,figshare_exam_questions,en
Compare and contrast microbial and chemical risk assessment.,Analyze,figshare_exam_questions,en
Compare and contrast our school to other communities.,Analyze,figshare_exam_questions,en
"Compare and contrast preview questions, clarifying questions and anticipated exam questions, including how each relates to the notetaking process?",Analyze,figshare_exam_questions,en
Compare and contrast the characteristics and usage between aluminium and high carbon steel.,Analyze,figshare_exam_questions,en
Compare and contrast the characteristics between hardwood and softwood.,Analyze,figshare_exam_questions,en
"Compare and contrast the properties of clay brick and calcium silicate brick in terms of crushing strength, moisture movement, durability, appearance, fire resistance, colour, texture, sound and thermal insulation.",Analyze,figshare_exam_questions,en
Compare and contrast the two items and produce a summary of their similarities and differences,Analyze,figshare_exam_questions,en
Compare and contrast the waterfall model with the prototyping model.,Analyze,figshare_exam_questions,en
Compare and contrast two characters in the book.,Analyze,figshare_exam_questions,en
Compare any FIVE (5) differences between formal networks and informal networks.,Analyze,figshare_exam_questions,en
"Compare between URL, re-writing and Hidden Form field methods in respect of similarities and differences in the context of session management in Web environment.",Analyze,figshare_exam_questions,en
Compare fall and spring,Analyze,figshare_exam_questions,en
Compare herbatious and carnivorous animals on a Venn diagram.,Analyze,figshare_exam_questions,en
Compare how different children come to school.,Analyze,figshare_exam_questions,en
"Compare how the Net Present Value (NPV), IRR method and modified Internal Rate of Return (MIRR) method is different.",Analyze,figshare_exam_questions,en
"Compare how the internal rate of return (IRR) method, Net Present Value (NPV) and modified internal rate of return (MIRR) method is different.",Analyze,figshare_exam_questions,en
Compare matching demand and level aggregate production planning.,Analyze,figshare_exam_questions,en
Compare product layout and process layout.,Analyze,figshare_exam_questions,en
Compare the place where the story happened with where you live.,Analyze,figshare_exam_questions,en
Compare this book to the last book you read.,Analyze,figshare_exam_questions,en
Compare three celebrations using a Venn diagram.,Analyze,figshare_exam_questions,en
Compare two dog food commercials. What is the difference between them and how do they both sell their products?,Analyze,figshare_exam_questions,en
Compare two of the characters in this book.,Analyze,figshare_exam_questions,en
Concrete mould can be fabricated using steel or plastic. Differentiate the characteristics of concrete mould that is produced by these materials.,Analyze,figshare_exam_questions,en
Conduct an investigation to produce information to support a view.,Analyze,figshare_exam_questions,en
Contrast Olympic athletes of today with athletes of past Olympic games.,Analyze,figshare_exam_questions,en
Contrast TWO (2) differences between a data mart and a data warehouse.,Analyze,figshare_exam_questions,en
Contrast building in the coastal zone with building in a river floodplain.,Analyze,figshare_exam_questions,en
Contrast the Valles Marineris on Mars with the Grand Canyon,Analyze,figshare_exam_questions,en
"Contrast the treatment of ""well known"" trademarks provided by Paris Article and by TRIPS Article",Analyze,figshare_exam_questions,en
Critically analyze and discuss the problems with secondary data. Provide relevant examples to support your answer.,Analyze,figshare_exam_questions,en
Critically analyze the image above and discuss the strategic decisions associated with the appeals of the advertisement.,Analyze,figshare_exam_questions,en
Critically discuss FOUR (4) main dimensions that are used to classify countries based on Hofstede's Cultural Dimensions Theory.,Analyze,figshare_exam_questions,en
Critically discuss FOUR (4) main dimensions that used to classify countries based on Hofstede's Cultural Dimensions Theory.,Analyze,figshare_exam_questions,en
Critically discuss how demographic characteristics would affect a product development in a foreign market.,Analyze,figshare_exam_questions,en
Critically discuss on human's need to maintain a temperature of 37°C. Provide TWO (2) points.,Analyze,figshare_exam_questions,en
Critically discuss the THREE (3) options in handling the international media planning or buying.,Analyze,figshare_exam_questions,en
Critically discuss the quote above and explain FIVE(5) ways the interest groups can be more effective with relevant examples.,Analyze,figshare_exam_questions,en
Critically examine the strengths and weaknesses of the positivist paradigm,Analyze,figshare_exam_questions,en
"Critically explain how our statuses, educational qualification and occupation affect our social stratification, social mobility and life chances.",Analyze,figshare_exam_questions,en
Criticize the issues in Principal – Agent Theory.,Analyze,figshare_exam_questions,en
"Davenport (2000) discusses four emerging trends to be considered in designing future enterprise systems. Analyze each emerging trend, its relevance and importance to the designing of future enterprise systems.",Analyze,figshare_exam_questions,en
Define and explain 'Fiscal Policy' in terms of its objectives and differentiate between the 'Discretionary Fiscal Policy' and 'Automatic Fiscal Policy'.,Analyze,figshare_exam_questions,en
Describe how accurate mass spectrometry could be applied to determine if a small protein contains a pair of disulfide-bonded cysteine residue or two reduced cysteine residues. Explain how you can confirm your finding.,Analyze,figshare_exam_questions,en
Describe the THREE (3) elements of problem structure of a company. Contrast a structured problem to an unstructured problem. Discuss briefly which levels of management typically deal with structured problems and with unstructured problems.,Analyze,figshare_exam_questions,en
Develop a set of criteria for distinguishing between a good and bad example of this.,Analyze,figshare_exam_questions,en
"Differentiate among “external wall', 'internal wall' and 'parapet'.",Analyze,figshare_exam_questions,en
Differentiate between .call by value and call by reference.,Analyze,figshare_exam_questions,en
Differentiate between Gibbs adsorption equation and dynamic surface tension in the study of adsorption at interfaces.,Analyze,figshare_exam_questions,en
Differentiate between Market Economy and Planned Economy.,Analyze,figshare_exam_questions,en
Differentiate between Putlog and Independent Scaffold.,Analyze,figshare_exam_questions,en
Differentiate between a wholesaler and a retailer.,Analyze,figshare_exam_questions,en
Differentiate between commercial letter of credit and standby letter of credit.,Analyze,figshare_exam_questions,en
Differentiate between contact and systemic herbicides.,Analyze,figshare_exam_questions,en
Differentiate between crossbreeding and linebreeding.,Analyze,figshare_exam_questions,en
Differentiate between data and information using a real life example.,Analyze,figshare_exam_questions,en
Differentiate between data and information using examples.,Analyze,figshare_exam_questions,en
Differentiate between electroosmosis and electrophoretic mobility of solutes in capillary electroosmosis.,Analyze,figshare_exam_questions,en
Differentiate between general controls and application controls. Provide ONE (1) example for each.,Analyze,figshare_exam_questions,en
Differentiate between humic and non-humic substances.,Analyze,figshare_exam_questions,en
"Differentiate between phenylpropanoids and alkaloids in terms of structure, functions and applications.",Analyze,figshare_exam_questions,en
Differentiate between qualitative research and quantitative research in terms of their goal and design.,Analyze,figshare_exam_questions,en
Differentiate between repurchase agreement (repo) and reverse repurchase agreement.,Analyze,figshare_exam_questions,en
Differentiate between soil fertility and soil productivity.,Analyze,figshare_exam_questions,en
Differentiate between the following terms along with appropriate examples,Analyze,figshare_exam_questions,en
Differentiate between trait and phenotype.,Analyze,figshare_exam_questions,en
Differentiate between “trial pits' and 'boreholes”.,Analyze,figshare_exam_questions,en
"Differentiate bonds that are traded at par, premium and discount.",Analyze,figshare_exam_questions,en
Differentiate primary and secondary reserves of a bank. List THREE (3) examples for each reserve.,Analyze,figshare_exam_questions,en
Differentiate printf function calls for displaying prompts and for echoing data.,Analyze,figshare_exam_questions,en
Differentiate spoken and written language in FIVE (5) aspects.,Analyze,figshare_exam_questions,en
Differentiate the following functions using the quotient rule,Analyze,figshare_exam_questions,en
"Differentiate the passages that attacked a political opponent personally, and those that attacked an opponent's political programs.",Analyze,figshare_exam_questions,en
"Differentiate the properties between clay brick and autoclave aerated concrete (AAC) block in term of compressive strength, density, colour, acoustic performance and thermal insulation.",Analyze,figshare_exam_questions,en
"Discriminate the different parts of the story (introduction, development, climax, resolution.)",Analyze,figshare_exam_questions,en
Discriminate the pros and cons of ____.,Analyze,figshare_exam_questions,en
Discuss ONE (1) similarity and ONE (1) difference between virtual reality and augmented reality.,Analyze,figshare_exam_questions,en
Discuss in detail the criteria used to assess the success or failure of a newly released transgenic crop with improved tolerance to stress.,Analyze,figshare_exam_questions,en
Discuss on the importance of KM with specific reference to its impact on employee's learning and process efficiency.,Analyze,figshare_exam_questions,en
"Discuss the comparison between the microeconomics and macroeconomics field of study in term of production, prices, income and employment.",Analyze,figshare_exam_questions,en
Discuss the effectiveness of POST and GET methods in respect of flexibility and security.,Analyze,figshare_exam_questions,en
Discuss the effectiveness of using Expression Language (EL) compared to other methods in JSP.,Analyze,figshare_exam_questions,en
Discuss the factors that you think may have affected the quality of newspapers in Malaysia and identify the key elements for a successful newspaper .,Analyze,figshare_exam_questions,en
Discuss the roles of construction industry in a country's growth. Provide evidences on how construction industries worldwide have contributed to the economic growths of their respective countries to enhance your discussions.,Analyze,figshare_exam_questions,en
Discuss why web developers or programmers would prefer to use Expression Language (EL) compared to other methods in JSP for displaying dynamic content in web browsers.,Analyze,figshare_exam_questions,en
Distinguish Paradox of the Commons from Tragedy of the Commons.,Analyze,figshare_exam_questions,en
"Distinguish among acidic, saline and sodic soils.",Analyze,figshare_exam_questions,en
Distinguish automatic processing and controlled processing of information. Support your answer with TWO (2) relevant examples. Elaborate your examples in details.,Analyze,figshare_exam_questions,en
Distinguish between 'Trench' and 'Pier holes/ Pits' construction excavation.,Analyze,figshare_exam_questions,en
Distinguish between 'differential foundation settlement' and 'uniform foundation settlement'.,Analyze,figshare_exam_questions,en
Distinguish between 'periodic inspection' and 'continuous inspection'.,Analyze,figshare_exam_questions,en
Distinguish between abstract date types (ADTs) and implementations of ADTs,Analyze,figshare_exam_questions,en
Distinguish between chemically defined media and natural media.,Analyze,figshare_exam_questions,en
Distinguish between flat roof and pitched roof.,Analyze,figshare_exam_questions,en
Distinguish between micro and macro economics.,Analyze,figshare_exam_questions,en
Distinguish between objectives and learning outcomes when planning a lesson.,Analyze,figshare_exam_questions,en
Distinguish between products from physical and chemical weathering.,Analyze,figshare_exam_questions,en
Distinguish between rill and gully erosion.,Analyze,figshare_exam_questions,en
Distinguish between stock dividend and stock split by providing one relevant example.,Analyze,figshare_exam_questions,en
Distinguish between the following giving suitable examples,Analyze,figshare_exam_questions,en
Distinguish between the ripening behavior of climacteric and non-climacteric fruits in terms of their respiration rates and ethylene production.,Analyze,figshare_exam_questions,en
Distinguish between the ripening behaviour of climacteric and non-climacteric fruits in terms of carbon dioxide release and ethylene synthesis.,Analyze,figshare_exam_questions,en
Distinguish between ‘land surveyor' and 'quantity surveyor'.,Analyze,figshare_exam_questions,en
Distinguish between ‘load bearing wall' and 'non-load bearing wall’.,Analyze,figshare_exam_questions,en
Distinguish between “suspended' and ‘non-suspended' floor.,Analyze,figshare_exam_questions,en
Distinguish clearly between power and authority.,Analyze,figshare_exam_questions,en
Distinguish facts from hypotheses,Analyze,figshare_exam_questions,en
Distinguish the difference between low pass filter and high pass filter.,Analyze,figshare_exam_questions,en
"Divide the story into initiating event, rising action, climax, and falling action",Analyze,figshare_exam_questions,en
Draw a diagram to show the memory configuration after the following statements ....,Analyze,figshare_exam_questions,en
Estimate the value of the roughness parameter of the riverbed from the observed surface slope and velocity. Compare your computed value with generally known values for the present river bed.,Analyze,figshare_exam_questions,en
Examine FIVE (5) advantages of using video as instructional materials to primary school students.,Analyze,figshare_exam_questions,en
Examine carefully the given map extract on the following page to help you work out the exercise below.,Analyze,figshare_exam_questions,en
Examine cross-docking warehouse layout.,Analyze,figshare_exam_questions,en
Examine differences between the means of each individual switching factor.,Analyze,figshare_exam_questions,en
Examine how conventional newspaper can continue to maintain its circulation with the easy access to alternative information on the web.,Analyze,figshare_exam_questions,en
Examine how e-commerce facilitates Value Chain and Supply Chain.,Analyze,figshare_exam_questions,en
Examine the connection and connectionless protocols using appropriate examples.,Analyze,figshare_exam_questions,en
Examine the data in the EMPLOYEES and DEPARTMENTS tables,Analyze,figshare_exam_questions,en
Examine the differences between the model excluding the most influential observation and the model including all observations.,Analyze,figshare_exam_questions,en
Examine the two roles and show how newspaper managers can successfully draw a balance between their economic role and social role.,Analyze,figshare_exam_questions,en
Examine the use of pedagogical reasoning skills by teachers to enhance the usage of instructional materials in classroom.,Analyze,figshare_exam_questions,en
Examine traditional warehouse layout and cross-docking layout.,Analyze,figshare_exam_questions,en
"Examine what helps to make a good Olympics? Think about money, schedules, sports and people.",Analyze,figshare_exam_questions,en
Explain THREE characteristics that distinguish authoritarianism from totalitarianism.,Analyze,figshare_exam_questions,en
Explain TWO (2) strengths and TWO (2) weaknesses of clustering based method in outlier detection.,Analyze,figshare_exam_questions,en
Explain and differentiate between TWO types of aggregations when colloidal particles are unstable.,Analyze,figshare_exam_questions,en
"Explain how currency depreciation will affect export, import and the balance of trade of the country.",Analyze,figshare_exam_questions,en
Explain the case study research method and distinguish between single and multiple case study design.,Analyze,figshare_exam_questions,en
Explain the components of CRM that Citibank used.,Analyze,figshare_exam_questions,en
Explain the effect of a cut in taxes of $100 billion on the economy if the marginal propensity to consume were 0.9. Explain why this policy is much different from simply having the government initiate a $100 billion spending program. Support your answer with specific calculations.,Analyze,figshare_exam_questions,en
"Explain the term conjugal families, by making reference to the different types of societies to which they could belong.",Analyze,figshare_exam_questions,en
Explain why 3D animation requires much time consuming and complicated in the development phase compared to 2D animation.,Analyze,figshare_exam_questions,en
Explain why the effectiveness of an expansionary monetary policy in increasing aggregate output is partially dependent on the interest sensitivity of the demand for money.,Analyze,figshare_exam_questions,en
Foundation design is required the study and examination of multiple components which is a highly specialized the function and usually is performed by a structural engineer. Inspect the components which have to include in the designing of a building foundation.,Analyze,figshare_exam_questions,en
"From your opinion, explain which one of the methods mentioned earlier is better for the given token stream.",Analyze,figshare_exam_questions,en
GIF and SWF file format can be used to create animations. Compare and state the major advantage and limitation of using GIF rather than SWF for creating animations in webpages.,Analyze,figshare_exam_questions,en
How are the adolescents with ASD similar of different from each other in their sources of communication breakdowns ?,Analyze,figshare_exam_questions,en
How can you categorize ____ according to...?,Analyze,figshare_exam_questions,en
How can you differentiate between...?,Analyze,figshare_exam_questions,en
How can you distinguish the different parts of_____?,Analyze,figshare_exam_questions,en
How did Chinese newspapers differ from US,Analyze,figshare_exam_questions,en
"How do I differentiate between ""deceive"" and ""cheat on""?",Analyze,figshare_exam_questions,en
How do psychologists differ in their general attitudes toward third party presence,Analyze,figshare_exam_questions,en
How do we differentiate between an interview and an interrogation?,Analyze,figshare_exam_questions,en
How do we differentiate between genuine buyer and undercover buyer,Analyze,figshare_exam_questions,en
How do you analyze a marginally RCT,Analyze,figshare_exam_questions,en
"How do you distinguish between the binge-eating/purging type of anorexia nervosa and bulimia nervosa, purging type",Analyze,figshare_exam_questions,en
How does Hawaii contrast and compare to Florida?,Analyze,figshare_exam_questions,en
How does Tdap differ from Td vaccine,Analyze,figshare_exam_questions,en
How does an endorsement differ from a teaching certificate,Analyze,figshare_exam_questions,en
How does autonomy differ with age,Analyze,figshare_exam_questions,en
How does public health reporting differ today from reporting two years before,Analyze,figshare_exam_questions,en
How does your agency inspect against its expectation for operators,Analyze,figshare_exam_questions,en
How does your pet differ from other animals?,Analyze,figshare_exam_questions,en
How does...compare/contrast with...?,Analyze,figshare_exam_questions,en
"How effectively did students analyze course content on race, class, and privilege through autobiographical reflection",Analyze,figshare_exam_questions,en
How is . . . similar to . . .?,Analyze,figshare_exam_questions,en
How is scientific progress similar to Darwinian evolution according to Kuhn,Analyze,figshare_exam_questions,en
How to inspect and maintain fresh water plumbing systems properly,Analyze,figshare_exam_questions,en
How was life different in your town 100 years ago?,Analyze,figshare_exam_questions,en
How was this similar to . . .?,Analyze,figshare_exam_questions,en
How would this story be different if it had happened in a different country?,Analyze,figshare_exam_questions,en
How would you differentiate a project from a program,Analyze,figshare_exam_questions,en
How would you differentiate between heterodox and mainstream,Analyze,figshare_exam_questions,en
How would you differentiate obstructive apneas from central apneas,Analyze,figshare_exam_questions,en
How would you distinguish between polymyositis and viral myositis in a 42-year-old man with weakness and a rash?,Analyze,figshare_exam_questions,en
How would you investigate this abnormality,Analyze,figshare_exam_questions,en
How would you investigate this patient,Analyze,figshare_exam_questions,en
Identify TWO (2) strategies that are able to reduce the likelihood of an eyewitness reporting someone who did not commit the crime.,Analyze,figshare_exam_questions,en
"If interest were compounded monthly instead of daily, what would the difference in interest be?",Analyze,figshare_exam_questions,en
"If your story happened in a foreign land, compare that land to the United States.",Analyze,figshare_exam_questions,en
"If your story occurred long ago, compare that time with today in a good paragraph. If it was a modern story, compare it with a long time ago and tell what would be different.",Analyze,figshare_exam_questions,en
"In a table form, differentiate between RefSeq and GenBank DNA sequences.",Analyze,figshare_exam_questions,en
In what ways are foxes similar to wolves and dogs,Analyze,figshare_exam_questions,en
In what ways do female offenders differ from male offenders,Analyze,figshare_exam_questions,en
"Inspect each of these Boolean expressions, and determine whether each one is a sum of products, or a product of sums",Analyze,figshare_exam_questions,en
Inspect the pattern of GPS positions relative to the “known” published value,Analyze,figshare_exam_questions,en
Inspect the size of the loaded data: how many objects and variables does the iris data matrix contain?,Analyze,figshare_exam_questions,en
Investigate (pointwise) convergence and absolute convergence of the given series of functions,Analyze,figshare_exam_questions,en
Investigate innovations that can enhance future Olympics.,Analyze,figshare_exam_questions,en
Investigate whether or not the system can be solved for x; y; z,Analyze,figshare_exam_questions,en
Leaders often face a dilemma because of a perceived conflict between the realm of business and the realm of ethics. Compare the characteristics of leaders who follow a strict rational self-interest approach with those who take an ethical approach.,Analyze,figshare_exam_questions,en
List any five departments and discuss the relations between these departments and the importance of depending on each other.,Analyze,figshare_exam_questions,en
Make a diagnosis or analyze a case study.,Analyze,figshare_exam_questions,en
"Maslow's hierarchy of needs was developed by Abraham Maslow, a specialist in human behavioural psychology. The hierarchy was first developed to help explain the connection between basic human needs and human desires. Distinguish the hierarchy with appropriate example.",Analyze,figshare_exam_questions,en
"Microbiota-based models may be an alternative method to facilitate the use of data on the gut microbiota in certain diseases. For example, NextSeq 550 and NextSeq 550DX platforms have been used to detect gut microbiota in non communicable diseases. Compare and contrast both platforms with regards to their regulatory status, key applications and array scanning.",Analyze,figshare_exam_questions,en
Money growth is always interrelated with inflation phenomenon. Explain how the growth of money will affect the economy when the economy is operating at the full capacity. Illustrate by using an appropriate diagram.,Analyze,figshare_exam_questions,en
Nomination committee plays a crucial role in ensuring the continuity of the board of directors into the future. Analyse the functions of nomination committee in the context of corporate governance.,Analyze,figshare_exam_questions,en
"Optimization of medium and culture conditions of a fermentation process can be conducted by using multifactor experimental design or response surface optimization. With aid of a flow chart, compare and contrast these two methods.",Analyze,figshare_exam_questions,en
Predict FIVE (5) impacts of the crisis towards McDonald's Malaysia if they are not handling the crisis properly.,Analyze,figshare_exam_questions,en
Relate FIVE (5) examples on how video often make new connections and discoveries between curriculum topics and the world outside the classroom.,Analyze,figshare_exam_questions,en
"Response and Task-Based Learning are methods often used in an classroom. Differentiate the two methods by describing THREE (3) characteristics for each method, and give examples of ONE (1) material and ONE (1) activity using that material.",Analyze,figshare_exam_questions,en
Select the athlete of the century and analyze why you chose this person.,Analyze,figshare_exam_questions,en
Short term and long term incentives have their own merits in promoting corporate performance. Compare and contrast the problems associated with both short term and long term incentives.,Analyze,figshare_exam_questions,en
Show your calculations for all THREE (3) options and then discuss which one of the options you prefer.,Analyze,figshare_exam_questions,en
Sketch a graph that associates with a monopoly. Find the profit-maximizing level of output and label it as q*. Find the price that firm should charge and label it as P*. Explain how the profit-maximizing output and price the firm should charge are determined. Explain what the firm should do if marginal revenue is higher than marginal cost.,Analyze,figshare_exam_questions,en
"Suppose firms in industry Y are having an increase in demand. By using appropriate diagrams, explain the effect of an increase in demand and how industry Y achieves the long-run equilibrium in perfect competition.",Analyze,figshare_exam_questions,en
Suppose that Japan and South Korea are trading partners. The exchange rate of Yen for South Korean Won (KRW) is floating freely. Japanese had reduced their imports from South Korea due to lack of demand for Korean products. Explain what will happen to Yen by using an appropriate diagram. Give five reasons why demand for a foreign currency may increase.,Analyze,figshare_exam_questions,en
The Higgs Report (2003) is among the first report that discusses the importance of Senior Independent Non-Executive Director (Senior INED). Analyse the rationales of having Senior INED in a company.,Analyze,figshare_exam_questions,en
The construction industry comprises a wide diversity of firms that it is impossible to categorise them all within one type of market structure. Discuss.,Analyze,figshare_exam_questions,en
The scope of institutional shareholder activism includes attempts made to bring about changes in a company's behavior for adoption of good governance practices. Differentiate shareholder resolution and proxy voting as the two major tools for institutional shareholder to promote corporate governance.,Analyze,figshare_exam_questions,en
"The technology of VLSI is defined by the feature size. Over the years, the feature size has been reducing. Analyze and explain the reasons for doing so.",Analyze,figshare_exam_questions,en
There are TWO (2) common methods used in the semiconductor industry to fabricate single crystal silicon. Analyze the advantage and disadvantage of both methods.,Analyze,figshare_exam_questions,en
There are several corporate governance tools available for institutional shareholders activism. Differentiate shareholder resolution and proxy voting,Analyze,figshare_exam_questions,en
"There are three common types of brick in Malaysia, namely common brick, facing brick and engineering brick. Differentiate the properties and the applications among them.",Analyze,figshare_exam_questions,en
"There are two approaches to solve a problem, namely X and Y. Approach X uses a lot of synchronizations compared to approach Y. Briefly explain why the approach Y should be chosen to solve the problem.",Analyze,figshare_exam_questions,en
There is a relationship between the level of construction activity and a country's stage of development. Discuss.,Analyze,figshare_exam_questions,en
"Trace the contents of matrix from the following statements int matrix[3][2];int j, k;for (j = 0; j < 3; j++)for (k =h 0; k < 2; k++)matrik[j][k] = j + k;",Analyze,figshare_exam_questions,en
Trace the value of alpha after the following code executes. int alpha[5];int j;alpha[0] = 5;for (j = 1; j < 5; j++){if(j % 2 == 0)alpha[j] = alpha[j – 1] + 2;else alpha[j] = alpha[j – 1] + 3;},Analyze,figshare_exam_questions,en
"Using appropriate examples, differentiate between agglomerative and divisive in the context of agglomerative hierarchical clustering.",Analyze,figshare_exam_questions,en
"Video got its start on cathode ray tube television systems, but has moved on to be used in many more applications. Relate the video transmission on television sets and computer monitors with interlacing and progressive scan techniques",Analyze,figshare_exam_questions,en
What are the parts or features of...?,Analyze,figshare_exam_questions,en
What can I do to investigate this problem further,Analyze,figshare_exam_questions,en
What evidence can you find to suggest that people should be regarded as the most important resource of an organisation?,Analyze,figshare_exam_questions,en
What evidence can you list for...,Analyze,figshare_exam_questions,en
What has the author used to create this effect,Analyze,figshare_exam_questions,en
"With an appropriate example, discuss the effectiveness of using message queue compared to pipes in communication between processes.",Analyze,figshare_exam_questions,en
analyze the positive and negative points presented concerning the abolition of guns and write a brief (2-3page) narrative of your analysis.,Analyze,figshare_exam_questions,en
how the investigation was undertaken,Analyze,figshare_exam_questions,en
"in what ways is oxyperoxidase similar to other oxygenated heme proteins, and how does it differ",Analyze,figshare_exam_questions,en
in what ways trajectory patterns differ according to ABC,Analyze,figshare_exam_questions,en
“China has been practicing low exchange rate for previous decades.” Clarify the pros and cons under this practice.,Analyze,figshare_exam_questions,en
“The US dollar hit its highest levels in years shortly after Donald Trump won the presidential election in November 2016.” The statement above refers to the strong dollar scenario. Explain the pros and cons under this scenario.,Analyze,figshare_exam_questions,en
"A banker's acceptance (BA) is a promised future payment, or time draft, which is accepted and guaranteed by a bank and drawn on a deposit at the bank. The BA specifies the amount of money, the date, and the person to whom the payment is due. Draw and explain the sequence of a banker's acceptance transaction.",Apply,figshare_exam_questions,en
A blue solid cube with dimensions of 10.0 x 10-9 m was dispersed into water to become colloidal particles with dimensions of 1.0 x 10-9 m. Calculate the changes of surface area to volume (surface / volume).,Apply,figshare_exam_questions,en
"A five-year, RM1,000 par value bond with a 6 percent semi-annual coupon is trading at current yield of 4 percent. Compute the duration of the bond.",Apply,figshare_exam_questions,en
A solid cube with dimensions of 10.0 nm was dispersed into water to become colloidal particles with dimensions of 1.0 nm. Calculate the changes of surface area to volume (surface / volume).,Apply,figshare_exam_questions,en
AJAX is a technology that is being widely used in web applications for faster response time. Explain the necessary steps to implementing an AJAX application.,Apply,figshare_exam_questions,en
Apply Porter's five competitive forces analysis to examine the summer job industry for your uncle.,Apply,figshare_exam_questions,en
Apply SWOT analysis in education environment and discuss its impact in the revenue analysis.,Apply,figshare_exam_questions,en
Apply how semaphores and shared memory methods can be deployed to execute a particular task.,Apply,figshare_exam_questions,en
Apply laws of statistics to evaluate the reliability of a written test.,Apply,figshare_exam_questions,en
Apply shading to produce depth in drawing.,Apply,figshare_exam_questions,en
Apply the Karush-Kuhn-Tucker conditions for this problem to derive an optimal solution.,Apply,figshare_exam_questions,en
Apply the energy band diagram to explain why an intrinsic semiconductor is conductive and that its conductivity increases with temperature.,Apply,figshare_exam_questions,en
Apply the rule of law to a new situation,Apply,figshare_exam_questions,en
Apply the run length encoding on the token stream.,Apply,figshare_exam_questions,en
Apply the storytelling technique here to a little story of your own.,Apply,figshare_exam_questions,en
Apply the zero length suppression on the token stream.,Apply,figshare_exam_questions,en
Apply your understanding the Olympic spirit to develop a new motto or slogan.,Apply,figshare_exam_questions,en
Assuming that this monopolist is regulated to produce at that quantity where price equals average total cost. Calculate and find out what is the quantity the monopolist will produce and the price it will charge given this regulatory scenario.,Apply,figshare_exam_questions,en
"Assuming the elitism selection method where the best chromosomes are selected for pairing, apply the crossover and mutation for the selected pair of chromosomes using the encoding scheme proposed in (b)(i).",Apply,figshare_exam_questions,en
Briefly discuss how TQM could be applied in the management of the newspapers' editorials.,Apply,figshare_exam_questions,en
Briefly discuss how TQM could be applied m the management of the newspapers' editorials.,Apply,figshare_exam_questions,en
Briefly explain how Ant Colony Optimization (ACO) algorithm can be used to solve Travelling Salesperson Problem (TSP).,Apply,figshare_exam_questions,en
Calculate Jensen's measure (Jensen's alpha). Use it to assess the performance of the AOV's Portfolio during the year just ended.,Apply,figshare_exam_questions,en
"Calculate Sharpe's measure for the AOV Portfolio and the market. Compare the TWO (2) measures, and assess the performance of the AOV's portfolio during the year just ended.",Apply,figshare_exam_questions,en
"Calculate Treynor's measure for AOV's Portfolio and the market. Compare the TWO (2) measures, and assess the performance of the AOV's portfolio during the year just ended.",Apply,figshare_exam_questions,en
Calculate for x in the following equation: 12x=36,Apply,figshare_exam_questions,en
Calculate the average holding and setup cost per year.,Apply,figshare_exam_questions,en
Calculate the balance of trade when the economy is at equilibrium and interpret the answer.,Apply,figshare_exam_questions,en
Calculate the balance of trade when the economy is at equilibrium and interpret your answer.,Apply,figshare_exam_questions,en
Calculate the balance of trade when the economy is at equilibrium.,Apply,figshare_exam_questions,en
Calculate the carrier densities of the doped semiconductor at 400 K.,Apply,figshare_exam_questions,en
Calculate the compression ratio for the compressed file.,Apply,figshare_exam_questions,en
Calculate the deflection of a beam under uniform loading.,Apply,figshare_exam_questions,en
Calculate the equilibrium level of income for Cambodia.,Apply,figshare_exam_questions,en
Calculate the equilibrium level of income for this economy.,Apply,figshare_exam_questions,en
Calculate the equilibrium level of output for four sectors economy with taxes.,Apply,figshare_exam_questions,en
Calculate the fitness function for all chromosomes in the population.,Apply,figshare_exam_questions,en
Calculate the inventory turnover.,Apply,figshare_exam_questions,en
Calculate the length of the projection of vector x on vector y.,Apply,figshare_exam_questions,en
Calculate the level of output Japan needs to achieve in order to maintain a balanced trade account.,Apply,figshare_exam_questions,en
Calculate the level of output needed to be achieved by Cambodia in order to maintain a balanced trade account.,Apply,figshare_exam_questions,en
Calculate the market demand and market supply in table form.,Apply,figshare_exam_questions,en
Calculate the number of bytes required to store a minute of stereo sound at DVD quality with the resolution of 32 bits. Show your working and calculation.,Apply,figshare_exam_questions,en
Calculate the number of sacrificial anodes that would be required to form a calcareous deposit on a steel pile immersed in seawater.,Apply,figshare_exam_questions,en
Calculate the optimal size of the production run.,Apply,figshare_exam_questions,en
Calculate the percent invested in inventory.,Apply,figshare_exam_questions,en
Calculate the rate of habitat fragmentation within the Colorado Front Range in the last decade.,Apply,figshare_exam_questions,en
"Calculate the surface tension of a wetting liquid, C (1.23 gml-l ) which rises 1.50 m in a vertical capillary tube with the internal radius of 0.15 mm.",Apply,figshare_exam_questions,en
"Calculate the total cost per year, including the cost of the lights.",Apply,figshare_exam_questions,en
Calculate the variance of demand for the winery.,Apply,figshare_exam_questions,en
Calculate the variance of orders for the glass bottles.,Apply,figshare_exam_questions,en
Can you apply the method used to some experience of your own . . .?,Apply,figshare_exam_questions,en
Can you group by characteristics such as . . .?,Apply,figshare_exam_questions,en
Can you solve the following problem,Apply,figshare_exam_questions,en
Categorise the pictures and add them to the wall display.,Apply,figshare_exam_questions,en
Choose a country that does not compete at the Olympics and explain why that country is not an Olympic member.,Apply,figshare_exam_questions,en
Choose any U.S. president and explain how he exercised his power as Commander in Chief of the Armed Forces.,Apply,figshare_exam_questions,en
Choose the best statements that apply ...,Apply,figshare_exam_questions,en
Compute the area of actual circles.,Apply,figshare_exam_questions,en
Compute the distance between the two points with the following formula.,Apply,figshare_exam_questions,en
"Compute the duration for a five-year bond, RM1,000 par value bond with a 7 percent annual coupon which is trading at yield to maturity of 5 percent.",Apply,figshare_exam_questions,en
Compute the value of the government multiplier and tax multiplier in an open economy.,Apply,figshare_exam_questions,en
Compute the volume of a cylinder,Apply,figshare_exam_questions,en
Consider a zero coupon bond with a par value of $1000 that has a current price of $436.19 and matures in 10 years. Compute its yield to maturity.,Apply,figshare_exam_questions,en
Construct a Venn diagram to determine the validity of the given argument.,Apply,figshare_exam_questions,en
Construct a dictionary and a truth table to determine if the following statements are logically equivalent,Apply,figshare_exam_questions,en
Construct a family of networks to demonstrate that the number of different mincuts in a network can be exponential in the size of the network,Apply,figshare_exam_questions,en
Construct a market strategy for your product using a known strategy as a model.,Apply,figshare_exam_questions,en
Construct a model to demonstrate how it will work.,Apply,figshare_exam_questions,en
Construct a simple payroll program that computes net pay for those working 40 hours or less and net pay for those working over 40 hours.,Apply,figshare_exam_questions,en
Construct an analog circuit with the following specifications,Apply,figshare_exam_questions,en
Construct an executive remuneration package using the remuneration framework as a guide.,Apply,figshare_exam_questions,en
Construct one Turing Machine for computing each of the following functions,Apply,figshare_exam_questions,en
Construct the 4-Bit Ripple carry Adder Circuit,Apply,figshare_exam_questions,en
Construct the Data Path of the RISC Processor given in the previous question,Apply,figshare_exam_questions,en
Define CRM and discuss how the CRM can be implemented in the business environment.,Apply,figshare_exam_questions,en
"Define and discuss the Sharpe, Treynor, and Jensen measures of portfolio performance evaluation by identifying the situations in which each measure is the most appropriate measure.",Apply,figshare_exam_questions,en
"Demonstrate and illustrate measures of central tendency and dispersion, write a journal entry.",Apply,figshare_exam_questions,en
Demonstrate email and social media approaches to create effective marketing plan.,Apply,figshare_exam_questions,en
Demonstrate how the seasons occur.,Apply,figshare_exam_questions,en
Demonstrate how this could work in an industry setting?,Apply,figshare_exam_questions,en
Demonstrate how your unit’s specific student learning outcomes are linked to the mission of UAM.,Apply,figshare_exam_questions,en
Demonstrate the steps involved in setting out of a building foundation and discuss the setting out of purposes.,Apply,figshare_exam_questions,en
Demonstrate using the OPAC and your knowledge of library organization to find a book about turtles.,Apply,figshare_exam_questions,en
Derive a kinetic model from experimental data.,Apply,figshare_exam_questions,en
Derive the data rate that is generated by the digitization procedure in each case assuming that the Nyquist theorem is applied with 12 bits per sample for the speech signal and 16 bits per sample for the music signal. Give your answers in kilo -Byte-per-second (kB/s).,Apply,figshare_exam_questions,en
Describe an experiment to answer the question of the effects of weight on the fall of an object.,Apply,figshare_exam_questions,en
Describe and sketch the THREE (3) types of brick bonding.,Apply,figshare_exam_questions,en
Describe how SPATIAL Compression and TEMPORAL Compression are used in video compression.,Apply,figshare_exam_questions,en
Describe how the hexokinase enzymatic activity could be determined using the coupled assay method.,Apply,figshare_exam_questions,en
Design or sketch a marketing strategy for your product using a known strategy as a model.,Apply,figshare_exam_questions,en
Determine how to minimize the total cost of operating and purchasing a telephone for the next six years.,Apply,figshare_exam_questions,en
Determine if the two principal components are adequate to explain the variation in the sample that was used to calculate I.,Apply,figshare_exam_questions,en
Determine if the winery is providing an amplifying or smoothing effect.,Apply,figshare_exam_questions,en
Determine the Fermi level (in eV) of the doped semiconductor and draw the energy band diagram.,Apply,figshare_exam_questions,en
Determine the Macaulay duration and estimate the bond price if the yield increases by 100 basis points.,Apply,figshare_exam_questions,en
Determine the amount of shortage or surplus if government decides to impose the price at RM1.50/kg. Support your answer with numerical explanations.,Apply,figshare_exam_questions,en
Determine the doping levels in the respective regions.,Apply,figshare_exam_questions,en
Determine the economic order quantity.,Apply,figshare_exam_questions,en
Determine the equilibrium price and quantity.,Apply,figshare_exam_questions,en
Determine the gate oxide capacitance.,Apply,figshare_exam_questions,en
Determine the intrinsic value of KMK Corporation's common stock.,Apply,figshare_exam_questions,en
Determine the memory required to store a 2 minutes passage of stereophonic music.,Apply,figshare_exam_questions,en
Determine the number of possible colors and calculate how much memory is required to represent the following bitmap images.,Apply,figshare_exam_questions,en
Determine the oxide capacitance.,Apply,figshare_exam_questions,en
Determine the percentage of DHT's assets committed to inventory.,Apply,figshare_exam_questions,en
Determine the percentage of variation in the correlation matrix that is explained by the 4 factors.,Apply,figshare_exam_questions,en
Determine the possible number of unique zygotes that could be produced upon successful mating.,Apply,figshare_exam_questions,en
Determine the resistivity of a Si sample if it is doped with 10 phosphorus atoms/cm and H. = 750 cm Vs. Find the Hall coefficient of the sample.,Apply,figshare_exam_questions,en
Determine the type of MOSFET.,Apply,figshare_exam_questions,en
Determine the values of Cambodia's government spending multiplier in closed and open economy. Explain which multiplier has the greater impact on the Cambodia economy.,Apply,figshare_exam_questions,en
Determine the values of government multiplier and tax multiplier in open economy for Japan. Explain which multiplier has greater impact on the economy.,Apply,figshare_exam_questions,en
Determine the volume density and area density on the (1 0 0) plane of a body center cubic cell with lattice constant of 5 Å.,Apply,figshare_exam_questions,en
Determine which country enjoys comparative advantage in the production of cotton and silk respectively. Support your answer by calculating the opportunity costs of each.,Apply,figshare_exam_questions,en
Determine which sub-stage that the deal is currently in for the following cases.,Apply,figshare_exam_questions,en
Discuss and show the impact of CRM strategies in the telecommunication sector.,Apply,figshare_exam_questions,en
Discuss any TWO (2) application areas where multimedia can be used in education environment.,Apply,figshare_exam_questions,en
Discuss how Resource Based View can be implemented in organizations to reinforce financial standing.,Apply,figshare_exam_questions,en
"Discuss how data mining operations which are classification, association, clustering and anomaly detection can be deployed in a variety of industries.",Apply,figshare_exam_questions,en
"Discuss in detail the Sharpe, Treynor, and Jensen measures of portfolio performance evaluation, by identifying the situations in which each measure is the most appropriate measure.",Apply,figshare_exam_questions,en
Discuss in terms of implementation how to restrict resources such as web components and Enterprise Java Bean (EJB} components for use to only authorized users.,Apply,figshare_exam_questions,en
Discuss the extent to which Value Chain Analysis can be applied in the logistics sector.,Apply,figshare_exam_questions,en
"Draw 3 pictures showing the beginning, middle and ending of the story.",Apply,figshare_exam_questions,en
Draw ONE (1) organic shape and ONE (1) geometric shape. Apply tone and shading.,Apply,figshare_exam_questions,en
"Draw a body-centered cubic (BCC) unit cell. Calculate the volume density and area density on the (0, 0. 1) plane of a BCC cell if the lattice constant is 2.3 Å. Give a brief explanation of your calculations.",Apply,figshare_exam_questions,en
Draw a faced-centered cubic (FCC) cell. Calculate the packing fraction of the FCC cell. State any assumptions you have made and explain your calculations.,Apply,figshare_exam_questions,en
Draw a picture of the bears' house.,Apply,figshare_exam_questions,en
Draw a picture of the gown Cinderella wore to the ball.,Apply,figshare_exam_questions,en
Draw a production possibility curve to show the combination of flats and houses which could be achieved on the site.,Apply,figshare_exam_questions,en
Draw an illustration of the linked list after the execution of each of the statement below. (Use the original illustration for each question).,Apply,figshare_exam_questions,en
Draw and label a titration curve for glutamic acid. Calculate the isoelectric point.,Apply,figshare_exam_questions,en
Draw and label an Eisenthal-Cornish-Bowden direct plot. Explain how kinetic parameters could be determined from this plot.,Apply,figshare_exam_questions,en
Draw the body-centered cubic cell and determine its packing fraction. State and explain the assumptions you have made.,Apply,figshare_exam_questions,en
Draw the face-centered cubic cell and determine its packing fraction. State and explain the assumptions you have made.,Apply,figshare_exam_questions,en
Draw the water surface profile when the rainfall intensity is more than the design rainfall so that the inlet of the cuivert is submerged. Explain how the flow rate can be computed in this case.,Apply,figshare_exam_questions,en
Estimate the communalities and specific variances for the first four variables.,Apply,figshare_exam_questions,en
Estimate the magnitude of the bed shear stress by making necessary assumptions and justifications.,Apply,figshare_exam_questions,en
Estimate the number of bytes required for the storage of a full 5 minutes performance at CD quality audio.,Apply,figshare_exam_questions,en
Estimate the time it would take to transmit the performance over a network with 64 kbps.,Apply,figshare_exam_questions,en
Explain Greimas square tool and discuss how it can be applied the aviation industry.,Apply,figshare_exam_questions,en
Explain how GST approach can be deployed in the context of Accounting Information System.,Apply,figshare_exam_questions,en
Explain how MIDI file format will be more useful than other audio file formats in a certain scenario.,Apply,figshare_exam_questions,en
Explain how Porter's concept can be used in education domain.,Apply,figshare_exam_questions,en
Explain how Referral Networks approach can be used as a tool to increase number of customers.,Apply,figshare_exam_questions,en
Explain how SWOT and Porter's techniques is applied in the manufacturing industries.,Apply,figshare_exam_questions,en
Explain how mutation technique can be implemented in Genetic Algorithm (GA).,Apply,figshare_exam_questions,en
Explain the usage of multimedia in healthcare.,Apply,figshare_exam_questions,en
Explain with appropriate examples how taxonomies would help analysis of items in market basket analysis.,Apply,figshare_exam_questions,en
"FinFET technology is developed to minimize some of the shortcomings in planar MOSFETs. With the aid of diagrams, show the differences between these TWO (2) transistors.",Apply,figshare_exam_questions,en
"From the information given, can you develop a set of instructions about . . .?",Apply,figshare_exam_questions,en
"Given a frequency filter specification as H(u;v), derive a procedure to generate the convolution result of its corresponding spatial filter with an image f(x,y).",Apply,figshare_exam_questions,en
"Given that a = -10, b = 2, c = 5 and d = 0. Evaluate the following relational and logical expressions:",Apply,figshare_exam_questions,en
"How can we construct H given I, B and E?",Apply,figshare_exam_questions,en
How could someone modify the Cornell Method to make it effective for researching a topic for a paper?,Apply,figshare_exam_questions,en
How do teenagers use code in emails and instant messages?,Apply,figshare_exam_questions,en
How do we construct agents that can deliver. “good” assistance,Apply,figshare_exam_questions,en
How do you construct foliations on a given manifold M?,Apply,figshare_exam_questions,en
How does one specify the syntactical restrictions,Apply,figshare_exam_questions,en
How does the law of supply and demand explain the current increase in the price of fruit?,Apply,figshare_exam_questions,en
How might lifestyles in the United States be modified if a more socialistic system were adopted?,Apply,figshare_exam_questions,en
How to Construct the Optimal Maintenance Problem,Apply,figshare_exam_questions,en
How to construct simple solutions when problems are complex?,Apply,figshare_exam_questions,en
How to construct the selected information system,Apply,figshare_exam_questions,en
How to specify the impact energy and impact test temperature of the material in the Code,Apply,figshare_exam_questions,en
How would you relate position concept with position strategy,Apply,figshare_exam_questions,en
How would you show your understanding of the ABC process,Apply,figshare_exam_questions,en
Identify THREE (3) types of imperfectly competitive firms and construct THREE (3) important characteristics of these imperfectly competitive firms.,Apply,figshare_exam_questions,en
"If notes are available on the professor’s website, how should those notes be used?",Apply,figshare_exam_questions,en
"If the value of the bond is RM900 and coupon are paid semi-annually, compute the yield to maturity (YTM) and the current yield of the bond. Interpret your answers.",Apply,figshare_exam_questions,en
Illustrate how the Variable Length Encoding algorithm can be used to encode symbols 'SOOOSAY T '.,Apply,figshare_exam_questions,en
"Implement working codes for presentation, business and data layers.",Apply,figshare_exam_questions,en
"In a teaching simulation with your peers role-playing 6th grade students, demonstrate the principle of reinforcement in classroom interactions and prepare a half page description of what happened during the simulation that validated the principle.",Apply,figshare_exam_questions,en
"Inflation is one of the major concerns of all countries in the world. Discuss how the Bank Negara Malaysia (BNM) would fight against inflation problem and by using appropriate diagrams, show how the BNM actions affect the investment level and equilibrium output level.",Apply,figshare_exam_questions,en
Interpret the graph and state how many trees were cut down to produce paper.,Apply,figshare_exam_questions,en
"Jason spends all his income on meat and bread. Assume bread as a giffen good, draw Jason's price consumption curve and demand curve for bread when the price of bread falls. Support your answer with explanation for 3 consumption bundles.",Apply,figshare_exam_questions,en
Jolly and Bolitho (1998) proposed a 7-stage framework to show the process of material design. Apply the framework through use of media to teach 14 year old students action verbs. State the type of media that is going to be used for the lesson.,Apply,figshare_exam_questions,en
Make a diorama to illustrate an important event.,Apply,figshare_exam_questions,en
Make a paper-mache map to include relevant information about an event.,Apply,figshare_exam_questions,en
Make a scrapbook about the areas of study.,Apply,figshare_exam_questions,en
Make up a puzzle game using the ideas from the study area.,Apply,figshare_exam_questions,en
Model an Olympic Village for the new Millenium.,Apply,figshare_exam_questions,en
Name and sketch the proposed retaining wall in plan view to show the main elements of the wall.,Apply,figshare_exam_questions,en
PEST and SWOT are popular strategy tools. Discuss how the TWO(2) tools can be applied in manufacturing business environment.,Apply,figshare_exam_questions,en
Participate in a mock election,Apply,figshare_exam_questions,en
Predict the challenge to implement an augmented reality application in UTAR campus.,Apply,figshare_exam_questions,en
Predict what happens to X if Y increases.,Apply,figshare_exam_questions,en
Predict what would happen if ...,Apply,figshare_exam_questions,en
Prepare a time-phased product structure.,Apply,figshare_exam_questions,en
Pretend you are one of the characters in the book. Write a diary about the happenings in your life for two consecutive days.,Apply,figshare_exam_questions,en
Provide FIVE (5) examples on how HP can use text mining in other areas.,Apply,figshare_exam_questions,en
Provide the equations for the Eadie-Hofstee and Hanes-Woolf plot. Explain how these equations could be derived from the Michaelis-Menten equation.,Apply,figshare_exam_questions,en
Relate the principle of reinforcement to classroom interactions.,Apply,figshare_exam_questions,en
Relate topographic map to field features,Apply,figshare_exam_questions,en
Relate your most powerful story where your use of technology in the classroom has yielded a significant outcome with a student or students,Apply,figshare_exam_questions,en
Rewrite the following if statement using a switch statement.,Apply,figshare_exam_questions,en
Rewrite the following program so that it is formatted properly.,Apply,figshare_exam_questions,en
Show how E-CRM can be used to improve marketing positioning as explained in the article,Apply,figshare_exam_questions,en
Show how NLP techniques can be deployed in business.,Apply,figshare_exam_questions,en
Show how they have used creative writing strategies appropriate to the format,Apply,figshare_exam_questions,en
Show how to modify Fitch's algorithm given in class today to accommodate non-binary,Apply,figshare_exam_questions,en
Show how you would use Huffman coding to encode the following set of tokens.,Apply,figshare_exam_questions,en
Show in a step by step manner how TQM can be implemented successfully in education sector.,Apply,figshare_exam_questions,en
Show me how you would check the brake lights are working on this car,Apply,figshare_exam_questions,en
Show that the Fermi-Dirac function is a step function at T = 0 K.,Apply,figshare_exam_questions,en
Show that the wavefunction of a free particle is a plane wave.,Apply,figshare_exam_questions,en
Show the value of x after running this program fragment,Apply,figshare_exam_questions,en
"Show, through role-play, the final scene in the novel.",Apply,figshare_exam_questions,en
Sketch a diagram to illustrate the activities and products in the construction industry.,Apply,figshare_exam_questions,en
Sketch a diagram which indicates the Damp Proof Membrane (DPM) in the non reinforced concrete ground floor.,Apply,figshare_exam_questions,en
Sketch a diagram which shows these fractions or take photographs of the fractions.,Apply,figshare_exam_questions,en
Sketch a prediction of the field lines for the arrangement of electrodes shown in Figure 2,Apply,figshare_exam_questions,en
Sketch a typical absorption process in a packed column with regeneration in form of,Apply,figshare_exam_questions,en
Sketch an experiment to see how plants grow in different kinds of soil.,Apply,figshare_exam_questions,en
Sketch and label the section of the ground floor slab. Explain the purpose of each labelled component.,Apply,figshare_exam_questions,en
Sketch the 1-V curve of a zener diode and explain what a zener breakdown is.,Apply,figshare_exam_questions,en
Sketch the Type I isotherm and provide a brief description of its nature and the processes that gives rise to the isotherm.,Apply,figshare_exam_questions,en
Sketch the Type III isotherm and provide a brief description of its nature and the processes that give rise to the isotherm.,Apply,figshare_exam_questions,en
Sketch the Type Il isotherm and provide a brief description of its nature and the processes that gives rise to the isotherm.,Apply,figshare_exam_questions,en
Sketch the blackbody curves for radiation emitted from the Sun and the Earth,Apply,figshare_exam_questions,en
"Sketch the energy band diagram of the ideal metal-semiconductor contact in forward bias mode. Show the conduction and valence band edges, and all the Fermi levels.",Apply,figshare_exam_questions,en
Solve a math problem using familiar procedure or formula,Apply,figshare_exam_questions,en
Solve for the ten following fraction multiplication problems. Please make sure to show all your work.,Apply,figshare_exam_questions,en
Solve the following optimization problem by using the golden section search method and terminate the computation when the length of the interval.,Apply,figshare_exam_questions,en
Solve the following problem using genetic algorithm.,Apply,figshare_exam_questions,en
Specify a deterministic finite automaton (DFA) recognizing the,Apply,figshare_exam_questions,en
Specify the thickness of a galvanized coating based on atmospheric data? (level 2),Apply,figshare_exam_questions,en
Suggest a way to deal with this scenario,Apply,figshare_exam_questions,en
Suggest how multimedia applications may be used for each of the scenarios below. (i) IT Avenue will be organising a road show at various shopping malls to promote a new model of mobile phone from Nokia.,Apply,figshare_exam_questions,en
"Suppose milk and yogurt are within Sophie's budget and she views yogurt as an inferior good. Using indifference curve and budget line, explain the substitution, income and total effects when the price of yogurt falls.",Apply,figshare_exam_questions,en
Suppose the two countries wish to specialize and trade. Specifically determine and explain which country enjoys comparative advantage in the production of jade and diamond.,Apply,figshare_exam_questions,en
Suppose the two countries wish to specialize and trade. Specifically determine and explain which country enjoys comparative advantage in the production of sugar cane and blue agave.,Apply,figshare_exam_questions,en
Take a collection of photographs to demonstrate a particular point.,Apply,figshare_exam_questions,en
"The Friesian cow, a dairy breed, is a product of selective breeding. Predict the problems that may occur during the selection of Friesian Cows.",Apply,figshare_exam_questions,en
"The correlation between the S&P 500 index fund and the emerging market fund is zero. Consider portfolio A, which consists of 80% of the S&P index fund and 20% of the emerging-market fund. Calculate portfolio A's expected return and standard deviation.",Apply,figshare_exam_questions,en
The news reported that the chicken consumption in Malaysia has fallen by 17.25 percent. Use firm and industry diagrams to explain the short run and long run effects.,Apply,figshare_exam_questions,en
The unemployment problem can be overcome by increasing the aggregate output in a country. Explain THREE (3) multiplier concepts that can be applied in this problem.,Apply,figshare_exam_questions,en
Use Gauss’ Law to find the electric field between the plates when the charge on them is Q,Apply,figshare_exam_questions,en
Use Java math class and write the java statement for d = 2 * 2 + y * 2.,Apply,figshare_exam_questions,en
Use Lagrange multiplier to solve the following nonlinear programming problem.,Apply,figshare_exam_questions,en
Use Laplace to solve the following problems,Apply,figshare_exam_questions,en
"Use Porter's five competitive forces to analyze FiredUp, Inc.",Apply,figshare_exam_questions,en
Use a costing model to compute prices on goods to maximise profits and minimise costs.,Apply,figshare_exam_questions,en
Use a manual to calculate an employee's vacation time.,Apply,figshare_exam_questions,en
Use a sketch too find the exact value of each expression,Apply,figshare_exam_questions,en
Use a switch statement to rewrite the following if statement.,Apply,figshare_exam_questions,en
Use dynamic programming to help the fortune seeker to identify the route which minimizes the total cost of the policy.,Apply,figshare_exam_questions,en
Use dynamic programming to make these allocations to maximize the total grade points to be obtained from the four courses.,Apply,figshare_exam_questions,en
Use philanthropy approach to manage corporate social responsibility effectively.,Apply,figshare_exam_questions,en
Use tableau methods to prove that the following tableau is valid.,Apply,figshare_exam_questions,en
Use the Chapman-Kolmogorov Equations procedure to find the n-step transition matrix pUi for n = 2 and 5.,Apply,figshare_exam_questions,en
Use the distance travelled and cost of petrol to calculate the cost of a coach trip using a spreadsheet.,Apply,figshare_exam_questions,en
Use the rule for a semicolon in a sentence.,Apply,figshare_exam_questions,en
Use the second-derivative test to determine whether critical points where f0(x) = 0 yield relative maxima or relative minima,Apply,figshare_exam_questions,en
Use the unification algorithm to determine whether the following two terms are uni_able. Show intermediate step,Apply,figshare_exam_questions,en
"Using Marginal approach, explain and identify how many unit of CD players should the firm producer per day if its goal is to maximize its profit.",Apply,figshare_exam_questions,en
"Using Nyquist Theorem, calculate the maximum sampling frequency.",Apply,figshare_exam_questions,en
"Using Nyquist Theorem, calculate the maximum sampling rate to avoid aliasing.",Apply,figshare_exam_questions,en
"Using a farm animal species of your choice, sketch a graph and describe the scenario that demonstrate a strong genotype by environmental interaction that could influence breeding objectives.",Apply,figshare_exam_questions,en
"Using an appropriate example, explain how session listeners can be used in a web application.",Apply,figshare_exam_questions,en
"Using appropriate examples, discuss a situation in which custom tags would be appropriate to use.",Apply,figshare_exam_questions,en
"Using the Luedeking-Piret equation for growth associated product formation, calculate the pullulan concentration in 30h of fermentation.",Apply,figshare_exam_questions,en
"Using the data shown in Table 1, generate some frequent item sets.",Apply,figshare_exam_questions,en
"Using the multiplier approach, suppose government increases spending to 2200 and decreases tax by 500, calculate the new equilibrium output level and the new balance of trade.",Apply,figshare_exam_questions,en
"Using the open economy multiplier approach, calculate the new equilibrium output level and new balance of trade if the government decreases spending to RM 1200 million and increases tax by RM 300 million.",Apply,figshare_exam_questions,en
What approach would you use to prove the truth of the below statement,Apply,figshare_exam_questions,en
What factors would you change if . . .?,Apply,figshare_exam_questions,en
What happens if you change the direction of the displacement (but not its size)?,Apply,figshare_exam_questions,en
What happens if you restrict a determinental process to a subset R S?,Apply,figshare_exam_questions,en
What questions would you ask if . . .?,Apply,figshare_exam_questions,en
What would happen if the rainfall doubled in your state next year,Apply,figshare_exam_questions,en
What would result if …,Apply,figshare_exam_questions,en
What would you do if a heavy growth of bacteria had occurred,Apply,figshare_exam_questions,en
Who can use what we know about sonnets and finish this poem?,Apply,figshare_exam_questions,en
"With the aid of a diagram, briefly show how the width of a FinFET is estimated.",Apply,figshare_exam_questions,en
"Within an organization, each employee holds different roles in the informal communication networks. Explain any FOUR (4) roles with an example for each role.",Apply,figshare_exam_questions,en
Would this information be useful if you had a . . .?,Apply,figshare_exam_questions,en
Would you solve these two problems using similar approaches,Apply,figshare_exam_questions,en
Write a C++ statement to declare a variable of type musicType name MyTune.,Apply,figshare_exam_questions,en
"Write a formula to show the steady state assumption. If all other conditions remain identical, explain how an increase in k-1 would affect the Michaelis constant.",Apply,figshare_exam_questions,en
Write a textbook about this topic for others.,Apply,figshare_exam_questions,en
Write an explanation about this topic for others,Apply,figshare_exam_questions,en
Write the definition of displaySize() method for each class,Apply,figshare_exam_questions,en
Write what you might have done.,Apply,figshare_exam_questions,en
"Your profit from previous project is RM30,000.00 and you just won a new project to construct a new airport runway at Sepang, Selangor. Decide whether you are going to purchase the bulldozer or pay out bonuses to your staff. Use the concept of opportunities cost, choices and scarcity to aid your explanation.",Apply,figshare_exam_questions,en
sketch a graph of velocity versus time for the upward and downward parts of a ball’s flight,Apply,figshare_exam_questions,en
"""The slope has been standing for more than 15 years! So it is safe"" and ""Geological report shows that the slope is safe"". The above statements are the common misconception. Propose FIVE (5) construction controls to ensure the safety of construction of residential building on hill-site in Malaysia.",Create,figshare_exam_questions,en
Advise Smith on any FIVE (5) types of information which should be included in the website.,Create,figshare_exam_questions,en
"Advise the five steps, as recommended by Porter and Millar, that can be applied by business managers in taking advantage of information technology.",Create,figshare_exam_questions,en
"After strain modification process, the UTAR002 is found to be unable to excrete the desired enzyme into the medium. Suggest a proper purification protocol for the recovery of this product.",Create,figshare_exam_questions,en
An important step in Search Engine Optimization (SEO) is to identify relevant keywords for your website. Suggest THREE (3) offline keyword research methods and TWO (2) online keyword research methods in your keyword research efforts.,Create,figshare_exam_questions,en
Analyse the challenges facing a government in managing the construction economy and suggest the ways to overcome them.,Create,figshare_exam_questions,en
Apply and integrate several different strategies to solve a mathematical problem (not according to one formula(,Create,figshare_exam_questions,en
"As a manager in an Information Technology firm, suggest and elaborate any THREE (3) actions that organizations can take as part of the responsibility towards the society.",Create,figshare_exam_questions,en
"As a project manager, you are evaluating the building design for its compliance to intended function as a private college accommodating over 2000 students. Analyze the problems and propose the building performance to meet these functions.",Create,figshare_exam_questions,en
"As an editor-in-chief, suggest how you can motivate your experienced journalists to remain with your paper.",Create,figshare_exam_questions,en
"Assume that Saudi Arabia is currently operating at the natural level of output. However, due to the political uncertainty it leads to an increase in oil price. Discuss the effects of the event on the price level, unemployment and output in the long run and short run in Saudi Arabia by using appropriate diagrams. Besides, suggest the policy that can be implemented by Saudi Arabia in order to achieve long run equilibrium after the event.",Create,figshare_exam_questions,en
"Assume that you have been assigned to run a Google Ads search advertising campaign for a new café in Kampar, Perak. Recommend FIVE (5) strategies to develop a successful search advertising campaign for the café.",Create,figshare_exam_questions,en
Audit committee is responsible to implement and support the monitoring function of the board of directors. Develop a list of best practices for audit committee meeting.,Create,figshare_exam_questions,en
Being a technopreneur means dealing with innovation. Define what innovation is and also propose FOUR (4) types of innovations you can have in your organization.,Create,figshare_exam_questions,en
Briefly describe the formation of disulfide bond. Suggest ONE role of disulfide bond.,Create,figshare_exam_questions,en
Butanol is found to be an efficient carbon source for the cultivation of this microorganism. Suggest how this carbon source can be sterilised and used in this fermentation process.,Create,figshare_exam_questions,en
"CRM technology helps companies to collect information about consumer behaviour, conversations and characteristics. As a new digital marketing manager with an online retailer, suggest FIVE (5) ways how you can collect data and push customised information to customers.",Create,figshare_exam_questions,en
Can you create new and unusual uses for . . .?,Create,figshare_exam_questions,en
Can you design a . . . to . . .?,Create,figshare_exam_questions,en
Can you develop a proposal which would . . .?,Create,figshare_exam_questions,en
Can you develop method to handle the following case . . . ?,Create,figshare_exam_questions,en
Can you invent another character for the story?,Create,figshare_exam_questions,en
Can you propose a model that would change . . . ?,Create,figshare_exam_questions,en
Can you propose an alternative plan to . . . ?,Create,figshare_exam_questions,en
Can you see a possible solution to . . .?,Create,figshare_exam_questions,en
Can you think of an original way for collect and develop the . . . ?,Create,figshare_exam_questions,en
Can you write a new recipe for a tasty dish?,Create,figshare_exam_questions,en
Choose a character. Rewrite a scene from the story from this character's point of view.,Create,figshare_exam_questions,en
Combine any two sports to develop a new Olympic sport.,Create,figshare_exam_questions,en
"Combine elements of drama, music, and dance into a stage presentation.",Create,figshare_exam_questions,en
Compose a class story.,Create,figshare_exam_questions,en
Compose a complete C program that reads text strings from a text file into a suitable data,Create,figshare_exam_questions,en
Compose a device that would assist an athlete in their training.,Create,figshare_exam_questions,en
Compose a dialogue between Atticus Finch and Tom Robinson when they first met.,Create,figshare_exam_questions,en
Compose a rhythm or put new words to a known melody.,Create,figshare_exam_questions,en
Compose a simple rap or rhyme about zoo animals.,Create,figshare_exam_questions,en
Compose an original work which incorporates five common materials in sculpture.,Create,figshare_exam_questions,en
Compose music for a frog play.,Create,figshare_exam_questions,en
Compose your own note-taking design that incorporates all theadvantages of the Cornell Method.,Create,figshare_exam_questions,en
"Considering linear multimedia and interactive multimedia, suggest the best solution to the shopping mall's management.",Create,figshare_exam_questions,en
"Construct a DNA based cladogram using neighbour-joining approach, and suggest the relationship of S, M, and D species.",Create,figshare_exam_questions,en
"Construct a product structure. Identify components. parents, and components.",Create,figshare_exam_questions,en
Construct an alternative way to ...,Create,figshare_exam_questions,en
Create a chart that compares things that use electricity and things that do NOT use electricity.,Create,figshare_exam_questions,en
Create a new product. Give it a name and plan a marketing campaign.,Create,figshare_exam_questions,en
"Create a new song for the opening line of ""Mary had a little lamb"".",Create,figshare_exam_questions,en
Create a poster that promote jeans to local senior citizen which appeal directly to a multiracial citizen in Malaysia.,Create,figshare_exam_questions,en
Create a set of guidelines to determine the points of a plant susceptible to localized corrosion.,Create,figshare_exam_questions,en
Create a storyboard for a sequel to your book. Use the same characters.,Create,figshare_exam_questions,en
Create an advertising campaign,Create,figshare_exam_questions,en
Create an equation to represent the solution to this problem.,Create,figshare_exam_questions,en
Create and perform a play about frogs.,Create,figshare_exam_questions,en
Create plan of local environment by drawing around boxes.,Create,figshare_exam_questions,en
Create several different strategies to solve a mathematical problem.,Create,figshare_exam_questions,en
Create several scientific hypotheses to …,Create,figshare_exam_questions,en
Describe how soil surface roughness affects both water and wind erosion. Suggest ways to increase roughness to reduce erosion.,Create,figshare_exam_questions,en
Design a building according to given specifications,Create,figshare_exam_questions,en
Design a building to house your study.,Create,figshare_exam_questions,en
Design a machine to perform a specific task.,Create,figshare_exam_questions,en
Design a new animal to live in the jungle.,Create,figshare_exam_questions,en
Design a new monetary system or an experiment for establishing.,Create,figshare_exam_questions,en
Design a possible website structure to teach writing skills to children aged 4-6. There should be at least 3 components.,Create,figshare_exam_questions,en
Design a poster for this book.,Create,figshare_exam_questions,en
"Design a record, book or magazine cover for...",Create,figshare_exam_questions,en
Design a scientific study to test the effect of different kinds of music on hens’ egg production.,Create,figshare_exam_questions,en
"Design a sketch section of the floor slab adjoining the parapet that includes the scupper drain, drain guard, water proofing layer, and protective topping.",Create,figshare_exam_questions,en
Design a testing scenario to assess the susceptibility of an alloy to be used in a given environment?,Create,figshare_exam_questions,en
Design a vendor-rating form that represents your comparison of the education offered by universities in which you considered/are considering/have considered enrolling.,Create,figshare_exam_questions,en
Design an ideal newspaper organisational chart. Then describe the functions of the respective departments and how they relate to each other � horizontally and vertically.,Create,figshare_exam_questions,en
Design an ideal newspaper organizational chart. Then describe the functions of the respective departments and how they relate to each other horizontally and vertically.,Create,figshare_exam_questions,en
Design and make an animal that moves.,Create,figshare_exam_questions,en
Design and sketch the layout of a CMOS inverter.,Create,figshare_exam_questions,en
Design and sketch the optimized stick-diagram layout.,Create,figshare_exam_questions,en
Design costumes for the characters.,Create,figshare_exam_questions,en
Design the architecture of the software system based on the requirements defined in the Software Requirement Specification document,Create,figshare_exam_questions,en
Develop a SQA Plan for a software development project which is defined in the attached document.,Create,figshare_exam_questions,en
Develop a hypothesis.,Create,figshare_exam_questions,en
Develop a menu for a new healthy foods restaurant,Create,figshare_exam_questions,en
Develop a network based on the following information: Activity Immediate predecessors,Create,figshare_exam_questions,en
Develop a plan for a new Olympic Bid System.,Create,figshare_exam_questions,en
Develop a questionnaire based on at least FOUR open-ended and FOUR closed-ended questions for the interviews.,Create,figshare_exam_questions,en
Develop a time phased product structure.,Create,figshare_exam_questions,en
"Develop a way to teach the concept of ""adjectives"".",Create,figshare_exam_questions,en
Develop an ABC classification system for the 10 items.,Create,figshare_exam_questions,en
Develop and execute a program for this exercise,Create,figshare_exam_questions,en
Develop one plausible ending for all three short stories below.,Create,figshare_exam_questions,en
Devise a different way of using X,Create,figshare_exam_questions,en
Devise a new economic system based on the ones that already exist.,Create,figshare_exam_questions,en
Devise plans to market or make artwork more valuable.,Create,figshare_exam_questions,en
Discover FOUR (4) characteristic of IT infrastructure to be considered.,Create,figshare_exam_questions,en
Discuss TWO (2) web application frameworks that are suitable to be used in the proposed application.,Create,figshare_exam_questions,en
Discuss a security framework for the proposed application.,Create,figshare_exam_questions,en
Do you devise a systematic approach in order to get larger progressions,Create,figshare_exam_questions,en
Draw a painting that uses various principles of perspective to achieve its effect.,Create,figshare_exam_questions,en
E-mail newsletters are still popular communication strategy for digital marketers. Suggest FIVE (5) ways to engage with your newsletters subscribers.,Create,figshare_exam_questions,en
Explain each inventory control method and suggest TWO (2) types of products for each method.,Create,figshare_exam_questions,en
"Explain how the biological concept of symbiotic relationships could be used to help solve socially created problems like water pollution, overflowing garbage landfills, or homelessness.",Create,figshare_exam_questions,en
Explain the main disadvantage of Lineweaver-Burk plot. Suggest an alternative method to Lineweaver-Burk plot.,Create,figshare_exam_questions,en
Explain why it is likely that a matriarchal family system would be found in a matrilocal or matrilineal society.,Create,figshare_exam_questions,en
"Following the identification of the forms of corrosion that were involved in a failure, recommend a solution to avoid this failure?",Create,figshare_exam_questions,en
Formulate the evolution of the weather as a Markov chain by defining its states and giving its (one-step) transition matrix.,Create,figshare_exam_questions,en
Formulate the profit for the company.,Create,figshare_exam_questions,en
"From your observation, you noticed that agitation and aeration are important in cultivating the Lactobacillus acidophilus aerobically. Suggest the most suitable agitator that could be used for this purpose. Describe the proposed impeller type in detail.",Create,figshare_exam_questions,en
Given two opposing theories design an experiment to compare them.,Create,figshare_exam_questions,en
How can we combine and abstract facts about a software system to create new knowledge?,Create,figshare_exam_questions,en
How could we determine the number of pennies in a jar without counting them?,Create,figshare_exam_questions,en
How could we develop a coherent measure of success for organisations engaged in this type of activity with young people?,Create,figshare_exam_questions,en
How could you re-write this story with a city setting?,Create,figshare_exam_questions,en
How do we efficiently combine multiple subject graphs to construct an aig with choice,Create,figshare_exam_questions,en
How do you combine the results of various individual tests to determine whether a student can progress to a next semester / phase / year?,Create,figshare_exam_questions,en
How many ways can you . . .?,Create,figshare_exam_questions,en
How to combine virtual symmetry and symbolic model checking effectively,Create,figshare_exam_questions,en
How would the U.S.A. be different if the South had won the Civil War?,Create,figshare_exam_questions,en
How would you change the story to create a different ending?,Create,figshare_exam_questions,en
How would you create/design a new...?,Create,figshare_exam_questions,en
How would you restructure the school day to reflect children's developmental needs?,Create,figshare_exam_questions,en
Identify one problem in the book and give an alternate solution one not given by the author.,Create,figshare_exam_questions,en
If you had access to all resources how would you deal with . . .?,Create,figshare_exam_questions,en
"Imagine that you are a relative of an older adult who is initially diagnosed to be living with Parkinson's disease, suggest FOUR (4) strategies to further promote the wellbeing of the individual.",Create,figshare_exam_questions,en
"Imagine that you are a relative of an older adult who survives stroke, suggest FOUR (4) strategies to further promote the wellbeing of the individual.",Create,figshare_exam_questions,en
"In order to achieve high economy growth the government can implement expansionary fiscal policy, however, the effect of an increase in government spending can be taken aback by crowding out effect. Recommend and graphically explain the action that can be taken by Bank Negara Malaysia (BNM) to avoid this problem.",Create,figshare_exam_questions,en
"In the renovation of a new car showroom, the client wishes to attract the attention of pedestrians who passes by their building. Propose the type of external envelop for this building and explain the reasons. Sketch the proposed external envelop.",Create,figshare_exam_questions,en
Integrate training from several sources to solve a problem.,Create,figshare_exam_questions,en
"Internal control system is among the most prominent monitoring mechanisms in promoting effective corporate governance. Assuming you are the manager of purchasing department, provide TWELVE (12) recommendations on how to prevent staffs from making personal gains from their positions.",Create,figshare_exam_questions,en
Invent a machine to do a specific task.,Create,figshare_exam_questions,en
"Japan is operating above the potential output level. As a committee member of central bank, suggest a policy that should be implemented in order to restore Japan's potential output level. Using appropriate diagram(s), explain the effect of the policy on price and unemployment level in short run and long run.",Create,figshare_exam_questions,en
"John Watson passed away and left behind a legal child, Mary Watson, as well as two girlfriends, Susan and Petty, who were in their 8 week of gestation. Susan claimed that she bore an illegitimate child of John Watson. Propose and design the most suitable paternity experiment to prove Susan's claim. You may outline your experiment using schematic diagram(s).",Create,figshare_exam_questions,en
Justify your choice of data structure.,Create,figshare_exam_questions,en
"KOMUGI offers a deliciously authentic variety of handmade Japanese breads, cakes and confectioneries. In 23th December 2017, KOMUGI will launch its first outlets in Perak which will be located in Jusco Kinta City, Ipoh. Your client KOMUGI would like to run a coupon promotion for perakian. Design a creative coupon with catchy messages, slogans and offers to attract the perakian.",Create,figshare_exam_questions,en
Make a radio announcement that advertise the book. Write it out.,Create,figshare_exam_questions,en
Make up a new language code and write material using it.,Create,figshare_exam_questions,en
Malaysian Code on Corporate Governance (MCCG 2017) encourages Board of Directors to improve shareholders' participations in decision making. Provide recommendations that will lead to more constructive use of Annual General Meeting (AGM).,Create,figshare_exam_questions,en
Name one character. Rewrite the story from this character's point of view.,Create,figshare_exam_questions,en
"One of the biggest challenges in corporate governance is to deal with manipulation of accounting profits. Propose NINE (9) suggestions to the Malaysian regulatory bodies on how to prevent manipulation of accounts. Your recommendations have to be new and must not overlap with the existing Malaysian laws, guidelines and systems.",Create,figshare_exam_questions,en
Organize this book into three or more sections and give your own subtitle for each section.,Create,figshare_exam_questions,en
Plan a research paper on a given historical topic,Create,figshare_exam_questions,en
Predict the differences of a planet with no seasonal changes.,Create,figshare_exam_questions,en
Prepare a book jacket that illustrates the kind of book as well as the story.,Create,figshare_exam_questions,en
Prepare a research proposal on a study that you have to conduct on the purchasing behaviour of teenagers in the Klang Valley.,Create,figshare_exam_questions,en
Pretend you are a librarian recommending this book to someone. Write a paragraph telling what you would say.,Create,figshare_exam_questions,en
Propose Java Web architecture diagram for the above case study and explain.,Create,figshare_exam_questions,en
Propose ONE (1) new local flavor Kit Kat for Malaysian consumers. Describe the need for the new flavor among the Malaysian consumer.,Create,figshare_exam_questions,en
Propose ONE (1) new local seafood flavor for Manhattan fish market's Malaysian consumers. Describe the need for the new flavor.,Create,figshare_exam_questions,en
Propose TWO (2) factors that are relevant to the initiation of conflict in group.,Create,figshare_exam_questions,en
Propose TWO (2) self-presentation tactics for impression management.,Create,figshare_exam_questions,en
Propose TWO (2) strategies that a minority opinion can overtake the majority and be accepted.,Create,figshare_exam_questions,en
Propose TWO (2) strategies to reduce the occurrence of bullying.,Create,figshare_exam_questions,en
Propose TWO (2) strategies to resist persuasion.,Create,figshare_exam_questions,en
"Propose a fertilizer placement method of nitrogen, phosphorus and potassium for a successful fertilization of a large mango tree. Justify your answer.",Create,figshare_exam_questions,en
Propose a line-up procedure that police departments can use to improve the accuracy. of eyewitness testimony. Support your proposal with ONE (1) relevant example. Elaborate your example in details.,Create,figshare_exam_questions,en
Propose a multimedia presentation for UTAR to promote bachelor's degree courses to potential applicants.,Create,figshare_exam_questions,en
Propose a set of alternatives for reducing dependence on fossil fuels that address both economic and environmental concerns.,Create,figshare_exam_questions,en
Propose a strategy that minority can use to influence the majority. Support your answer with ONE (1) relevant example. Elaborate your example in details.,Create,figshare_exam_questions,en
"Propose a suitable preparatory demolition survey, method and shoring where some partial demolition work is included for the rear building portion.",Create,figshare_exam_questions,en
Propose a suitable type of glass that is used to construct a transparent fiat roof for the entrance of the Heritage Hall in Universiti Tunku Abdul Rahman.,Create,figshare_exam_questions,en
Propose an admixture to increase the workability of concrete in the fresh state without reducing the engineering performance of the hardened concrete.,Create,figshare_exam_questions,en
Propose an alternative way to solve …,Create,figshare_exam_questions,en
Propose and explain a suitable enzyme-substrate interaction model for enzyme X.,Create,figshare_exam_questions,en
"Propose solutions to reinforced concrete flat roof defects experienced in Malaysia, such as water ponding, material exposure to solar radiation, poor maintenance culture and concrete spalling due to leaks from cold joints and stress cracks.",Create,figshare_exam_questions,en
Propose the examples of how text mining could be used in other businesses.,Create,figshare_exam_questions,en
Provide TWO (2) suggestions on how a Web presence help Columbiana's government.,Create,figshare_exam_questions,en
Rearrange it to design the correct schema that is suitable for the system implementation.,Create,figshare_exam_questions,en
Recommend THREE (3) factors to be taken into consideration on the preparation of digital video delivery via low bandwidth networks and low-end computer systems.,Create,figshare_exam_questions,en
Recommend appropriate data warehouse architecture for the company and illustrate it with a diagram.,Create,figshare_exam_questions,en
Recommend to the management whether to use MP3 or RealAudio file format images and state THREE (3) reasons for your recommendations.,Create,figshare_exam_questions,en
Revise and process to improve the outcome.,Create,figshare_exam_questions,en
Revise how to complete a complex task in order to improve the outcome.,Create,figshare_exam_questions,en
Revises and process to improve the outcome.,Create,figshare_exam_questions,en
"Rewrite the story briefly, but change someone or something in it. (For example, substitute a dog for a wolf in The Three Little Pigs).",Create,figshare_exam_questions,en
Rewrite the story from an animal’s point of view.,Create,figshare_exam_questions,en
"SUBWAY brand is the world's largest submarine sandwich chain with more than 44,000 locations around the world. This November, Subway is introducing two new combos as in the image provided below. Propose a rough layout of a poster to promote these new combos.",Create,figshare_exam_questions,en
"Search engines are key means of attracting traffic to websites. As a new marketing executive with Munchy's Malaysia, recommend THREE (3) tactics used in search engine marketing (SEM).",Create,figshare_exam_questions,en
Standard ad formats such as leaderboard and skyscraper are common in digital display advertising. Propose FIVE (5) other creative ad formats which are more interactive and engaging.,Create,figshare_exam_questions,en
State the problems that could arise from environmental overload of fixed nitrogen due to generous usage of nitrogen fertilizer and suggest a possible solution for this situation.,Create,figshare_exam_questions,en
Suggest FIVE (5) actions that Public Mutual Berhad (PMB) can consider in championing the institutional shareholder activism.,Create,figshare_exam_questions,en
Suggest FOUR (4) recommendations in dealing with intersexes.,Create,figshare_exam_questions,en
Suggest FOUR (4) strategies that facilitate early childhood development from the physiological psychology perspectives. Elaborate your answers with examples.,Create,figshare_exam_questions,en
Suggest FOUR (4) strategies that facilitate healthy adolescence development from the physiological psychology perspectives. Elaborate your answers with examples.,Create,figshare_exam_questions,en
Suggest FOUR (4) strategies that improve adolescents' sleep from the physiological psychology perspectives.,Create,figshare_exam_questions,en
Suggest FOUR (4) strategies that improve individuals' psychological well-being from the physiological psychology perspectives. Elaborate your answers with examples.,Create,figshare_exam_questions,en
Suggest FOUR (4) strategies that reduce sleep deprivation from the physiological psychology perspectives. Elaborate your answers with examples.,Create,figshare_exam_questions,en
Suggest FOUR (4) ways logistics service provider such as FedEx practices environmental friendly principles in its operation.,Create,figshare_exam_questions,en
Suggest THREE (3) ethical considerations that ANA advertisers should take into account in designing commercials.,Create,figshare_exam_questions,en
Suggest THREE (3) specific types of application software that may help to support James's business activities.,Create,figshare_exam_questions,en
Suggest THREE (3) steps that Annie should do in multimedia authoring.,Create,figshare_exam_questions,en
Suggest TWO (2) ways of managing knowledge that organization can perform in order to gain sustainable advantage in today's rapid changing market environment.,Create,figshare_exam_questions,en
Suggest TWO possible poultry breeds that Kaseem are breeding for Malaysia broiler industry.,Create,figshare_exam_questions,en
Suggest a house-style and editorial policies for your newly introduced newspaper targeted at young readers aged between 15 to 25 years.,Create,figshare_exam_questions,en
Suggest a possible Java Web architecture(s) for the proposed application based on the case study.,Create,figshare_exam_questions,en
Suggest a procedure which uses k-means as a subroutine with a better chance than k-means in obtaining good clustering.,Create,figshare_exam_questions,en
Suggest a technique that can overcome the problem of non-reusability for industrial enzyme applications.,Create,figshare_exam_questions,en
Suggest a type of metal for reinforcing a concrete structure.,Create,figshare_exam_questions,en
Suggest an alternative to Albert on how the above limitations may be overcome.,Create,figshare_exam_questions,en
Suggest and describe an assisted reproductive technique that the farm should use for rapid and cost effective production.,Create,figshare_exam_questions,en
Suggest and elaborate any TWO (2) efforts or methods that your company may use in order to gain competitive advantage over your competitors.,Create,figshare_exam_questions,en
Suggest and explain TWO (2) ways to measure a bank's profitability.,Create,figshare_exam_questions,en
Suggest any FIVE (5) dimensions of service quality that could be taken into consideration by the kindergarten management for its future operations improvement.,Create,figshare_exam_questions,en
Suggest any THREE (3) scenarios where users may benefit from using video calls in their communication.,Create,figshare_exam_questions,en
Suggest any THREE (3) specific ways with elaborations on how this new business may utilize the Internet technology to achieve cost efficiency.,Create,figshare_exam_questions,en
Suggest any TWO (2) efforts that organization may perform in order to discourage unethical behavior.,Create,figshare_exam_questions,en
Suggest the most suitable growth model that could be applied to describe the growth of above-mentioned Lactobacillus acidophilus strain. Briefly explain the suggested growth model.,Create,figshare_exam_questions,en
"Suggest your recommendation on the investment of KMK Corporation's common stock, if the stock price is traded at $25 currently.",Create,figshare_exam_questions,en
Support your answers with ONE (1) example for each factor.,Create,figshare_exam_questions,en
Suppose Phillip wasn't rescued shortly after Timothy's death. How long could he have survived?,Create,figshare_exam_questions,en
Synthesize any FIVE (5) factors that should be considered when devising a safe system to undertake a task in an organization.,Create,figshare_exam_questions,en
Synthesize the need for ventilation as an engineering control.,Create,figshare_exam_questions,en
The independence of external auditors is extremely critical due to their roles in providing true and fair view on a company financial position. Develop THREE (3) safeguards to reduce the threats on external auditors' independence.,Create,figshare_exam_questions,en
The internet is ideal for gathering people from all corners of the globe into communities with similar interests and tasks. Recommend THREE (3) ways that can be used to target online communities.,Create,figshare_exam_questions,en
"The tyrosinase-containing solution was dissolved in 50 mM potassium phosphate buffer containing 0.01 mM NaCl, pH 6.5, before applying to a DEAE Sephadex A50 column. Suggest and explain how the mobile phase should be modified to elute the bound tyrosinase.",Create,figshare_exam_questions,en
There is always an appeal for institutional shareholders to assume an active role in corporate governance. Create a list of key recommendations for institutional shareholders activism based on Myners Report (1995).,Create,figshare_exam_questions,en
"Use your imagination to create a picture about the story. Then, add one new thing that was not in the story.",Create,figshare_exam_questions,en
"Using information from the book about one of the main characters, rewrite the ending of the book.",Create,figshare_exam_questions,en
"Using transmission-gates, design and sketch a 4-to-1 multiplexer.",Create,figshare_exam_questions,en
"Using transmission-gates, design and sketch an 8-to-1 multiplexer.",Create,figshare_exam_questions,en
What hypotheses can you develop based on the data ? Why ?,Create,figshare_exam_questions,en
What ideas can you add to...?,Create,figshare_exam_questions,en
What might happen if you combined...?,Create,figshare_exam_questions,en
What solutions would you suggest for...?,Create,figshare_exam_questions,en
What would happen if . . .?,Create,figshare_exam_questions,en
What would you predict/infer from...?,Create,figshare_exam_questions,en
Why don’t you devise your own way to deal with . . .?,Create,figshare_exam_questions,en
Why not compose a song about . . .?,Create,figshare_exam_questions,en
Write 5 new titles for the story that would give a good idea of what it was about,Create,figshare_exam_questions,en
"Write a C program that accepts integer inputs from the screen, computes the total and average values; and displays the values on the screen.",Create,figshare_exam_questions,en
Write a JAVA program to show the Overloading concept,Create,figshare_exam_questions,en
Write a Java program that lets the user enter a year and checks whether it is a leap year.,Create,figshare_exam_questions,en
"Write a TV show play, puppet show, role play, song or pantomime about..",Create,figshare_exam_questions,en
Write a journal from the point of view of mountaineer.,Create,figshare_exam_questions,en
Write a letter to the editor on a social issue of concern to you.,Create,figshare_exam_questions,en
Write a logically organized argument in favor of a given position.,Create,figshare_exam_questions,en
Write a poem about the story.,Create,figshare_exam_questions,en
Write a poem about this book.,Create,figshare_exam_questions,en
Write a program that uses nested loops to print the following output:,Create,figshare_exam_questions,en
"Write a program to calculate the SQRT for Array elements, you may use the Math class function (sqrt), the Array should include 5 Integer elements. The output should be the array elements along with their SQRT value.",Create,figshare_exam_questions,en
Write a set of rules to prevent what happened in the story.,Create,figshare_exam_questions,en
Write a short story relating a personal experience in the style of a picaresque novel.,Create,figshare_exam_questions,en
Write a song about 'Old MacDonald' who had a bulldozer instead of a farm.,Create,figshare_exam_questions,en
Write about your feelings in relation to...,Create,figshare_exam_questions,en
Write an ABAP program that allows the user to key in a positive integer value.,Create,figshare_exam_questions,en
Write an essay in not more than 250 words about India and Technological Advancement. Use active voice as much as possible.,Create,figshare_exam_questions,en
Write an essay on the importance of comparative genomics.,Create,figshare_exam_questions,en
Write another ending to the story that is different from the author’s ending.,Create,figshare_exam_questions,en
You are a project manager working on a 8 storey building conservation project located in a congested urban area with poor soil bearing capacity and underground public utilities. Propose to the building owner why an internally braced shoring system is preferable to raking shore and weighted vertical dead shores.,Create,figshare_exam_questions,en
"You attempt to purify a single protein X from a complex mixture of proteins. Protein X has a large number of aspartic and glutamic acid residues and no lysine, arginine or histidine residues. Propose an adsorption column chromatography technique which could retain protein X but elute other contaminants at pH 7. State your assumption(s).",Create,figshare_exam_questions,en
"You attempt to purify a single protein X from a complex mixture of proteins. Protein X has a large number of aspartic and glutamic acid residues and no lysine, arginine or histidine residues. Suggest and explain a method to elute protein X from the column.",Create,figshare_exam_questions,en
You have been assigned by your employer to manage their Instagram and Facebook business page. Suggest FIVE (5) ways to increase engagement with your social media users.,Create,figshare_exam_questions,en
can you devise an explicit formula for,Create,figshare_exam_questions,en
design a cost effective strategy to generate reliable data.,Create,figshare_exam_questions,en
"how do the clauses and expressions given in the article which replace GOTO statements, lead to the three traditional control statements",Create,figshare_exam_questions,en
how do we devise a way to enforce the laws,Create,figshare_exam_questions,en
"structure, sorts the list in ascending order, displays the list on the screen and stores the list",Create,figshare_exam_questions,en
"""An increase in the money supply will lead to an increase in the market equilibrium interest rate.” Comment and justify the above statement with an appropriate diagram.",Evaluate,figshare_exam_questions,en
"""Don’t use public instance variables"" is defensive programming techniques. discuss why it is good advice?",Evaluate,figshare_exam_questions,en
"""Firms can use existing brand names or create new brands on the internet"". Evaluate the above statement.",Evaluate,figshare_exam_questions,en
"""HTTP POST method is better suited to send confidential information compared to HTTP GET method in web applications."" Justify the statement.",Evaluate,figshare_exam_questions,en
"""Instead of focusing only on investing in local market, some investors also invest in foreign market"". Justify above statement by providing FOUR (4) benefits of investing in foreign market.",Evaluate,figshare_exam_questions,en
"""Microsatellite tandem repeats are abundant in human promoters and are associated with regulatory activity (Sawaya et al., 2013).” Discuss the statement and support your views with examples.",Evaluate,figshare_exam_questions,en
"""The monetary policy is always useful in stimulating the economic growth by increasing the money supply in the market."" Comment on this statement. Support your answer with an appropriate diagram.",Evaluate,figshare_exam_questions,en
A client wishes to renovate his balcony at first floor by replacing the metal handrail with glass panel. Recommend a suitable type of glass to the client and justify your answer. Please be reminded that safety is the major factor in all cases.,Evaluate,figshare_exam_questions,en
"A manager of a small company makes the following statement - ""We need to keep hiring additional workers up to the point where the marginal productivity of the last worker we hire is at its maximum. This way we can maximize the total productivity of the firm."" Critically evaluate this statement.",Evaluate,figshare_exam_questions,en
"After designing an experiment, examining the results, and drawing conclusions, determines in what ways the experiment could be conducted more effectively in order to draw more productive conclusions in the future.",Evaluate,figshare_exam_questions,en
"After examining the videotape of a play in a football game, determine the degree to which the defensive team performed effectively and",Evaluate,figshare_exam_questions,en
"After solving a problem, determine the degree to which the problem was solved as efficiently as possible",Evaluate,figshare_exam_questions,en
Alavi and Leidner (2001) examine how information technology (IT) can be a key enabler in supporting four organizational knowledge management (KM) processes. Critically assess the role of IT in supporting the four KM processes.,Evaluate,figshare_exam_questions,en
Appraise data in support of a hypothesis.,Evaluate,figshare_exam_questions,en
"Appraise the URL Rewriting, Hidden Form Field and Cookies methods which are supported by the technology.",Evaluate,figshare_exam_questions,en
Appraise the speech's effectiveness based upon the class' criteria.,Evaluate,figshare_exam_questions,en
Are there students who should not use the Cornell method?,Evaluate,figshare_exam_questions,en
Are you a . . . person?,Evaluate,figshare_exam_questions,en
Argue critically with relevant examples.,Evaluate,figshare_exam_questions,en
Argue the case for conducting experimental research involving humans and propose guidelines to ensure that the dignity and welfare of the subjects are maintained.,Evaluate,figshare_exam_questions,en
"As a fermentation technologist, you are required to maximise the production of citric acid through chemostat process. The chemostat process is going to be operated at dilution rate of 0.25 h-1 with 30 g/L of sucrose concentration in the feeding tank. Evaluate the possibilities in employing chemostat for citric acid production.",Evaluate,figshare_exam_questions,en
"As an educator, evaluate FIVE (5) advantages and FIVE (5) disadvantages of using technology in education.",Evaluate,figshare_exam_questions,en
"As opposed other curves, justify with explanation why Average Fixed Costs (AFC) is negatively sloped.",Evaluate,figshare_exam_questions,en
Assess THREE (3) brain structures that are associated with movement. Elaborate your answers with example.,Evaluate,figshare_exam_questions,en
Assess THREE (3) brain structures that are associated with the language / speech function. Elaborate your answers with example.,Evaluate,figshare_exam_questions,en
"Assess THREE (3) brain structures that are associated with wakefulness, arousal, and sleep. Elaborate your answers with example.",Evaluate,figshare_exam_questions,en
Assess the appropriateness of an author's conclusions based on the evidence given.,Evaluate,figshare_exam_questions,en
Assess the importance of understanding seasonal patters.,Evaluate,figshare_exam_questions,en
Assess the reason for hazard communication and the mode of communication practice for chemical safety at worksite.,Evaluate,figshare_exam_questions,en
Assess the relative effectiveness of different graphical representations of the same data or biological concept.,Evaluate,figshare_exam_questions,en
Assess the strengths and weaknesses of the current Olympics and recommend action that should be taken in future Olympics: What can be,Evaluate,figshare_exam_questions,en
"Award the contract to the best proposal. Rank the principles of ""good sportsmanship"" in order of importance to you.",Evaluate,figshare_exam_questions,en
Barbie Dolls have been banned in some of countries. Provide FOUR (4) countries and evaluate the reason behind the ban.,Evaluate,figshare_exam_questions,en
"Based on the social learning perspective, propose a strategy that able to reduce or eliminate prejudice. Support your strategy with ONE (1) relevant example. Elaborate your example in details.",Evaluate,figshare_exam_questions,en
"Based on your knowledge on the physics of semiconductors, evaluate the limit for the minimum feature size of silicon MOSFET.",Evaluate,figshare_exam_questions,en
"Based on your observation of the local newspaper industry, discuss and state your stance on whether gender affects professional news selection.",Evaluate,figshare_exam_questions,en
"Based on your opinion, discuss critically, how far you agree that race relations have become unhealthy in our country.",Evaluate,figshare_exam_questions,en
"Bernard has successfully determined the sequence of Protein X which consists of 110 amino acid residues. He is interested to predict the protein struc using the available homology modelling software. Based on your knowledge of the mechanism of protein folding, comment on the reliability and accuracy of the prediction.",Evaluate,figshare_exam_questions,en
Briefly describe the general properties of plastic in terms of strength and durability. Comment also why plastic is not suitable to use as reinforcement bar for concrete structure.,Evaluate,figshare_exam_questions,en
"By assuming other factors (pH, water content and etc.) are being equal in clay loam and sandy loam, state which soil would be expected to have higher organic matter content. Justify your answer.",Evaluate,figshare_exam_questions,en
Can you assess the value or importance of . . . ?,Evaluate,figshare_exam_questions,en
Can you defend the idea that Simon's incident with the pig's head is the most mystical in the story?,Evaluate,figshare_exam_questions,en
Can you defend your position about . . .?,Evaluate,figshare_exam_questions,en
Can you defend your position about ... ?,Evaluate,figshare_exam_questions,en
Can you justify the decisions you have made ?,Evaluate,figshare_exam_questions,en
Choose a paint schedule for the maintenance of an outdoor structure? (level 2),Evaluate,figshare_exam_questions,en
Choose and illustrate the two most important events in the story.,Evaluate,figshare_exam_questions,en
Comment on the importance of comparative genomics research.,Evaluate,figshare_exam_questions,en
Comment on the introduction of seven “_” in the alignment.,Evaluate,figshare_exam_questions,en
Comment on the most appropriate methods in which to deliver such a presentation and also address the merits of the methods you suggest in your solution.,Evaluate,figshare_exam_questions,en
Comment on the validity of your answer.,Evaluate,figshare_exam_questions,en
"Comment on the values that were generated for “Identities” and “Positives"".",Evaluate,figshare_exam_questions,en
Conclude and support which economic system leads to a higher standard of living.,Evaluate,figshare_exam_questions,en
Construct a poster that will advertise your new food product in an exciting and irresistible way.,Evaluate,figshare_exam_questions,en
Critically appraise of making data warehouse Web Enable in the company.,Evaluate,figshare_exam_questions,en
"Critically appraise the five competitive forces encased within Porter's ""FIVE FORCES"" model within the context of a profit-oriented organization and discuss the threat posed to the firm by each of these forces.",Evaluate,figshare_exam_questions,en
"Critically appraise the five competitive forces encased within Porter's ""Five Forces"" model within the context of a profit-oriented organisation and discuss the threat posed to the firm by each of these forces.",Evaluate,figshare_exam_questions,en
Critically evaluate the JDBC and pooling method in the context of database connections.,Evaluate,figshare_exam_questions,en
Critically review how a shift in the mental model with a different set of assumptions could change Yahoo.,Evaluate,figshare_exam_questions,en
"Critically review the strengths, weaknesses, opportunities and threats of Associated Meats Sdn Bhd in light of the forecast trends and developments.",Evaluate,figshare_exam_questions,en
Critique an experimental design or a research proposal.,Evaluate,figshare_exam_questions,en
"Critique the other student's (or your own) speech, based on the criteria we have studied this semester.",Evaluate,figshare_exam_questions,en
Currently the product life cycle for Apple iPod is in the 'growth stage'. Provide evidence to support your answer.,Evaluate,figshare_exam_questions,en
Cyrus claimed that placentomes could be observed using a transabdominal probe to scan both pregnant sow and doe on day-20 of gestation. Justify whether his claim is true or false.,Evaluate,figshare_exam_questions,en
Decide whether you are in favor of building on a floodplain; defend your position in a debate.,Evaluate,figshare_exam_questions,en
Decide whether you could have survived on the island blind and alone. Write about things that would have been challenging making sure to,Evaluate,figshare_exam_questions,en
Decide whether you learned enough about electricity from this book.,Evaluate,figshare_exam_questions,en
Decide which candidate would best fill the position of principal.,Evaluate,figshare_exam_questions,en
Decide which course of action was most effective,Evaluate,figshare_exam_questions,en
Decide which method of solving a problem was most effective,Evaluate,figshare_exam_questions,en
Defend the following claim: The Cornell method works so well that it could turn even a poor lecture into a valuable learning experience.,Evaluate,figshare_exam_questions,en
Defend your use of a specific strategy in solving the problem.,Evaluate,figshare_exam_questions,en
Describe the FOUR (4) main phases of The Hawthorne Studies. Support your description with the significance of each of the phases.,Evaluate,figshare_exam_questions,en
Describe the economic consequence of a neolocal society. Support your description with information you have learned from this course.,Evaluate,figshare_exam_questions,en
Design a healthy menu that you think most people would enjoy using the healthy eating guide.,Evaluate,figshare_exam_questions,en
Determine if a character’s actions were heroic,Evaluate,figshare_exam_questions,en
Determine which Angus bull is the heaviest. Justify your answer.,Evaluate,figshare_exam_questions,en
Determine which Angus bull would produce the heaviest offspring (on average). Justify your answer.,Evaluate,figshare_exam_questions,en
Develop a proof ... and justify each step ...,Evaluate,figshare_exam_questions,en
Differentiate between classification and prediction. Justify your answer using an example for each.,Evaluate,figshare_exam_questions,en
Discuss THREE (3) factors influencing the conflict management process. Support each of your answers with ONE (1) relevant example.,Evaluate,figshare_exam_questions,en
"Discuss critically, by using your understanding of nature and nurture.",Evaluate,figshare_exam_questions,en
Discuss how far you agree with this statement with emphasis on circulation management of a newspaper company.,Evaluate,figshare_exam_questions,en
"Discuss the extent to which it is feasible for a company to 'operationalise' its social responsibility Spirations, that is, whether it is possible to bring these considerations into strategic decision-making in a programmed or systematic way.",Evaluate,figshare_exam_questions,en
Discuss the extent to which the existence of a conflict between a company's objectives is acceptable.,Evaluate,figshare_exam_questions,en
"Discuss the role of an infomediary in the online distribution system and evaluate the benefits of this type of distribution system to the consumer, infomediary and advertiser.",Evaluate,figshare_exam_questions,en
Distinguish central and peripheral routes to information processing. Support your answer with TWO (2) relevant examples. Elaborate your examples in details.,Evaluate,figshare_exam_questions,en
Do you agree...?,Evaluate,figshare_exam_questions,en
Do you think . . . is a good or a bad thing?,Evaluate,figshare_exam_questions,en
Do you think that this statement conveys the idea that i am trying to portray,Evaluate,figshare_exam_questions,en
Establish criteria for making this choice and defend your final selection.,Evaluate,figshare_exam_questions,en
Estimate expenditure on HIV/AIDS education,Evaluate,figshare_exam_questions,en
Estimate roughly how long the collision process takes,Evaluate,figshare_exam_questions,en
Estimate the difficulty of the question,Evaluate,figshare_exam_questions,en
Estimate the epicentral coordinates of the earth-quake,Evaluate,figshare_exam_questions,en
Estimate the risk of serious illness for consumers in different susceptible population groups,Evaluate,figshare_exam_questions,en
Evaluate THREE (3) neurocognitive difficulties that may be experienced by people with suicidal-related behaviors.,Evaluate,figshare_exam_questions,en
Evaluate TWO (2) strategies that have been implemented by McDonald's Malaysia in handling the crisis. Provide a justification and an example to support your answer for each of the strategies.,Evaluate,figshare_exam_questions,en
"Evaluate a work of art, giving the reasons for your evaluation.",Evaluate,figshare_exam_questions,en
Evaluate any FIVE (5) power bases. Provide a relevant example for each power base.,Evaluate,figshare_exam_questions,en
Evaluate appropriate and inappropriate actions of characters.,Evaluate,figshare_exam_questions,en
Evaluate board games and justify why rules are important.,Evaluate,figshare_exam_questions,en
Evaluate how the increase of the transconductance affects the operation of the transistor.,Evaluate,figshare_exam_questions,en
Evaluate if the contact is ohmic or rectifying (Schottky diode) in nature. Provide the analysis and support your answer with calculation,Evaluate,figshare_exam_questions,en
Evaluate the appropriateness of drugs advertising by the pharmaceutical firms.,Evaluate,figshare_exam_questions,en
Evaluate the benefits and drawbacks of artificial drainage.,Evaluate,figshare_exam_questions,en
Evaluate the characteristics of the board in a two-tier board structure.,Evaluate,figshare_exam_questions,en
Evaluate the corrosion monitoring needs of a chemical processing plant,Evaluate,figshare_exam_questions,en
"Evaluate the differences between the common, facing and engineering bricks in characteristics and use.",Evaluate,figshare_exam_questions,en
Evaluate the functions of the component of a structural floor.,Evaluate,figshare_exam_questions,en
Evaluate the level of galvanic coupling between two metals using basic kinetic information? (level 4),Evaluate,figshare_exam_questions,en
"Evaluate the nature and effect of significant ""entry barriers"" on the formulation of a strategic plan for a business which is already established in the industry.",Evaluate,figshare_exam_questions,en
Evaluate the need for ethics in research.,Evaluate,figshare_exam_questions,en
"Evaluate the performance of Malaysian newspapers and comment on what you think they should do to win back readers, particularly those who show preference for online news.",Evaluate,figshare_exam_questions,en
Evaluate the three specific effects caused by the applications of information technology on the nature of competition.,Evaluate,figshare_exam_questions,en
Evaluate the types of power Benjamin Fang is exercising in Sun Plantations and explain how this is being eroded by the changes taking place in the environment.,Evaluate,figshare_exam_questions,en
"Evaluate the types of power Benjamin Fang is exercising in Sun Plantations, and explain how this is being eroded by the changes taking place in the environment.",Evaluate,figshare_exam_questions,en
Evaluate two Internet sources of information about the Egyptians. Which would be a better choice for your purpose and why?,Evaluate,figshare_exam_questions,en
Evaluate whether their model is a true representation of the local environment.,Evaluate,figshare_exam_questions,en
Evaluate why a monopolist holds more undesirable characteristics in comparison to a perfect competitor. Give evidence from the graph to support your answer.,Evaluate,figshare_exam_questions,en
Evaluate your own or a peer's essay in terms of the principles of composition discussed during the semester.,Evaluate,figshare_exam_questions,en
Evaluate your sketch with ADDIE's model procedure.,Evaluate,figshare_exam_questions,en
Evaluate your sketch with ASSURE's model procedure.,Evaluate,figshare_exam_questions,en
Examine the stated positions of both major political candidates with regard to a particular issue and state good reasons (based on principles discussed in class) for why one candidates position is more likely to be effective than the other's.,Evaluate,figshare_exam_questions,en
Explain TWO (2) ways on how monopoly harms consumers and hurts the economy. Justify and illustrate your answers.,Evaluate,figshare_exam_questions,en
Explain and justify a new budget.,Evaluate,figshare_exam_questions,en
Explain any FOUR (4) elements of vertical downward communication. Support your explanation with an example for each element on how they are beneficial to an organization.,Evaluate,figshare_exam_questions,en
Explain choices made in making recommendations to an end user.,Evaluate,figshare_exam_questions,en
Explain the Media Richness Model. Use the model to discuss how managers can pick the best channel in communicating with staff and support your discussion with a scenario.,Evaluate,figshare_exam_questions,en
Explain the criteria to be a substantial shareholder in Malaysia. Illustrate what and when a substantial shareholder of a listed company need to comply when he/she holds the directorship in it.,Evaluate,figshare_exam_questions,en
"Explain the definition of a “robust model”. Specifically, if a manager exclaimed “The calculated EOQ is wrong because the actual demand is 10% greater than estimated”, justify your response.",Evaluate,figshare_exam_questions,en
"Explain the meaning of the expression ""robust model"". Specifically, justify your response if you heard a manager exclaim 'Uh-oh, we're in trouble! The calculated EOQ is wrong; actual demand is 10% greater than estimated'.",Evaluate,figshare_exam_questions,en
Explain whether Howard can have the video streamed effectively at 1 Mbps data rate on a 1 Mbps Internet connection.,Evaluate,figshare_exam_questions,en
Fertilizer that is extremely high in phosphorus content is essential for flowering. Justify.,Evaluate,figshare_exam_questions,en
Generalize FIVE (5) ways to use digital photography in classroom teaching and learning.,Evaluate,figshare_exam_questions,en
"Given an argument on any position, enumerate the logical fallacies in that argument.",Evaluate,figshare_exam_questions,en
"Given the data available on a research question, take a position and defend it.",Evaluate,figshare_exam_questions,en
"Given the data we've looked at on this topic, evaluate how appropriate this conclusion is and defend your answer.",Evaluate,figshare_exam_questions,en
"Given the two solutions to the stated programming problem, rate the solutions in terms of efficiency and readability.",Evaluate,figshare_exam_questions,en
"Given three possible approaches to implement the defined system, discuss the possible advantages and disadvantages of each approach.",Evaluate,figshare_exam_questions,en
"Given two possible solutions, A and B, to solving the given software development problem, decide on the best solution. Give your justification.",Evaluate,figshare_exam_questions,en
HTTP is a stateless protocol. Justify.,Evaluate,figshare_exam_questions,en
How Do You Think One Should Reason in Making Ethical Decisions in Business,Evaluate,figshare_exam_questions,en
How do you think the community should grow or change,Evaluate,figshare_exam_questions,en
How effective are . . .?,Evaluate,figshare_exam_questions,en
How would you decide about...?,Evaluate,figshare_exam_questions,en
How would you feel if . . .?,Evaluate,figshare_exam_questions,en
How would you have handled . . .?,Evaluate,figshare_exam_questions,en
How would you justify . . . ?,Evaluate,figshare_exam_questions,en
How would you rank the items given the criteria ?,Evaluate,figshare_exam_questions,en
Identify and explain another graphical diagram besides network diagram which is useful for planning and scheduling. Evaluate the graphical diagram.,Evaluate,figshare_exam_questions,en
"Identify and recommend any appropriate amendments to the proposal presented in order to rectify the errors made in estimating the company's current cost of capital and current value. For each of the revisions, explain the reasons why it should be amended.",Evaluate,figshare_exam_questions,en
"Identify the genetic elements in the DNA sequences of Homo sapiens, Homo luzonensis and Homo erectus. Justify your answer.",Evaluate,figshare_exam_questions,en
Illustrate the effect of an expansionary monetary policy. Justify your answer with an appropriate diagram.,Evaluate,figshare_exam_questions,en
"In a given clinical situation, select the most reasonable intervention and predict the main effects and possible side effects.",Evaluate,figshare_exam_questions,en
"In your opinion, which parental group selected will give a higher gain in Kaseem's breeding programme. Show the calculation and justify your answer.",Evaluate,figshare_exam_questions,en
Indicate whether S2 or S3 is useful for genetic linkage analysis. Justify your answer.,Evaluate,figshare_exam_questions,en
Institutional shareholders do not always fare better than the minority shareholders in promoting shareholder activism. Assess the impediments of institutional shareholder activism.,Evaluate,figshare_exam_questions,en
Is there a better solution to . . .?,Evaluate,figshare_exam_questions,en
JSP Technology is meant to replace Servlet Technology. Justify to what extent the statement is true.,Evaluate,figshare_exam_questions,en
Judge aesthetic qualities and relationship to future values.,Evaluate,figshare_exam_questions,en
Judge how well a project meets the criteria of a rubric.,Evaluate,figshare_exam_questions,en
Judge the validity of arguments for and against astrology,Evaluate,figshare_exam_questions,en
Judge the value of . . .?,Evaluate,figshare_exam_questions,en
Judge the value of... What do you think about...?,Evaluate,figshare_exam_questions,en
Judge whether Olympic Ideals are realistic or unrealistic for the contemporary elite athlete.,Evaluate,figshare_exam_questions,en
Judge whether it would be possible to survive on an island alone and blinded. Write about it.,Evaluate,figshare_exam_questions,en
Justify and nominate ways to prevent animal extinction.,Evaluate,figshare_exam_questions,en
Justify if DHT`s supply chain performance is better than PLI.,Evaluate,figshare_exam_questions,en
"Justify the choice of supplier. From your choice, determine the optimal order quantity and total annual cost of ordering, purchasing and holding the component.",Evaluate,figshare_exam_questions,en
Justify the concept of inheritance and give the sample of code to illustrate your answer.,Evaluate,figshare_exam_questions,en
"Justify the following statement. ""It is possible for a firm to experience diminishing marginal return and diseconomies of scale at the same time”.",Evaluate,figshare_exam_questions,en
"Justify the following statement: “The value of a putable bond is never greater than the value of an otherwise comparable option-free bond.""",Evaluate,figshare_exam_questions,en
Justify the object oriented programming concept,Evaluate,figshare_exam_questions,en
Justify the title To Kill a Mockingbird .,Evaluate,figshare_exam_questions,en
Justify two (2) lean techniques that work in both the manufacturing and service sectors.,Evaluate,figshare_exam_questions,en
Justify whether tRNA or mRNA would be more extensively hydrogen bonded.,Evaluate,figshare_exam_questions,en
Justify whether the dam and sire are inbred or outbred.,Evaluate,figshare_exam_questions,en
Justify whether the enzyme after step 'Size-exclusion chromatography' is pure. Suggest a method to estimate the purity of the enzyme preparation.,Evaluate,figshare_exam_questions,en
Justify which digital video file format you would use for your movie.,Evaluate,figshare_exam_questions,en
Justify why Benny used MP3 instead of other audio format.,Evaluate,figshare_exam_questions,en
Justify why company XYZ needs to use expert systems,Evaluate,figshare_exam_questions,en
Justify why soil taxonomy is considered as a hierarchical classification system.,Evaluate,figshare_exam_questions,en
Justify your answers with elaborations by providing any TWO (2) reasons.,Evaluate,figshare_exam_questions,en
Listen to two classmates conversing on tape and critique their performance on the basis of the skills covered this semester.,Evaluate,figshare_exam_questions,en
"MVC (Model View Controller) leads to low coupling"". Justify.",Evaluate,figshare_exam_questions,en
Malaysian Code on Corporate Governance (2012) stipulates that there should not be any domination of power by any individual in the board. Responsibilities of the CEO and the Chairperson must be clearly defined and separated in order to ensure a balance of power and authority. Evaluate the advantages and disadvantages of CEO duality.,Evaluate,figshare_exam_questions,en
Melting temperature (Tm) is an important criteria to consider when designing primers for PCR amplification. Comment.,Evaluate,figshare_exam_questions,en
NIKE will be conducting consumer research on their footwear. Assess FIVE (5) types of consumer research that Nike can implement by providing an appropriate example for each.,Evaluate,figshare_exam_questions,en
Outline how class ArrayList could be implemented using an array,Evaluate,figshare_exam_questions,en
"Output and capital are increasing more rapidly than labour in the pharmaceutical industry. However, labour is increasing faster than capital and output in the agriculture industry. Evaluate the different in the output growth and productivity between these two industries.",Evaluate,figshare_exam_questions,en
PERCEPTION STUDIES based on SURVEY METHOD are useful and common in both academic and market research. Critically evaluate the strategies used in data collection that can increase the response rate when conducting a survey.,Evaluate,figshare_exam_questions,en
Place the following in order of priority...,Evaluate,figshare_exam_questions,en
"Popular search engines such as Google, Yahoo and others are used to search information on the web based on user defined keywords. Determine and justify the appropriate HTTP method that should be deployed by those search engines.",Evaluate,figshare_exam_questions,en
Predict the effect on bulk density when a large quantity of organic matter is added into the soil. Justify your answer.,Evaluate,figshare_exam_questions,en
Predict what will happen next in.,Evaluate,figshare_exam_questions,en
Predict whether Phillip will ever go back to visit the Cay after several years of recovery. Assuming he gets his sight back.,Evaluate,figshare_exam_questions,en
"Prepare a case to present, and evaluate your view about ...",Evaluate,figshare_exam_questions,en
Prepare a list of criteria to judge ... Evaluate expressions,Evaluate,figshare_exam_questions,en
Prestressed concrete is a method for overcoming concrete's natural weakness in tension. Justify the TWO (2) common methods of prestressing.,Evaluate,figshare_exam_questions,en
Primary structure of a protein plays a significant role in determining the native structure or the protein fold. Comment on the statement.,Evaluate,figshare_exam_questions,en
Proline and glycine are prevalent in beta-turns of protein structures. Comment on the statement.,Evaluate,figshare_exam_questions,en
Propose an e-commerce classification model that suits the needs of John's business. Justify your answer.,Evaluate,figshare_exam_questions,en
Propose and justify ONE (1) international market-entry strategy that you may consider to market your products internationally.,Evaluate,figshare_exam_questions,en
Propose any TWO (2) alternative solutions from organization structures perspective to facilitate the KM practice. Justify your answers with short elaborations.,Evaluate,figshare_exam_questions,en
"Propose with justification, the types of maintenance relevant to a library building.",Evaluate,figshare_exam_questions,en
Prove that the wave function of a free electron is a plane wave by using Schrodinger's equation.,Evaluate,figshare_exam_questions,en
Provide THREE (3) justification on how would the university community be encouraged to place orders and become loyal customers.,Evaluate,figshare_exam_questions,en
Provide justifications as to why integrity and reliability is important in a company's annual report and accounts (ARAS) from corporate governance point of view.,Evaluate,figshare_exam_questions,en
Provide some justifications for the data warehouse architecture that you have chosen in Q2 (a).,Evaluate,figshare_exam_questions,en
Rate the following recommendations and set the priority _____.,Evaluate,figshare_exam_questions,en
Recommend TWO (2) suitable types of glasses which have good insulation properties for green building construction.,Evaluate,figshare_exam_questions,en
Recommend a suitable admixture to increase the workability of concrete and explain how it functions.,Evaluate,figshare_exam_questions,en
"Recommend a suitable metal for the fabrication of power tools like drills, files and chisels. Your recommendation should be justified by elaborating the important properties of the proposed metal.",Evaluate,figshare_exam_questions,en
Recommend how our classroom or playground could be improved.,Evaluate,figshare_exam_questions,en
"Recommend with justification, a value or range of values to the Board of Directors for the acquisition of ESL Berhad.",Evaluate,figshare_exam_questions,en
"Referring to the advertisement design below, evaluate the usage of Dominance and Unity in principles of design.",Evaluate,figshare_exam_questions,en
Relate cycle-time reduction to improved performance. Justify your answer.,Evaluate,figshare_exam_questions,en
"Related party transaction is a transaction entered into by a PLC or its subsidiaries, which involved the interest of the related party. Justify the reasons for disclosure of related party transaction.",Evaluate,figshare_exam_questions,en
Revise the story and specify the type of audience that would enjoy this book.,Evaluate,figshare_exam_questions,en
Scaling methods can improve the performance of the web site. Propose to Jane which scaling method suit her current business needs. Justify your answer.,Evaluate,figshare_exam_questions,en
Select the best proposal for a proposed water treatment plant.,Evaluate,figshare_exam_questions,en
Select the most effective solution.,Evaluate,figshare_exam_questions,en
Shareholder activism is an important governance mechanism because this is how minority shareholders exercise and enforce their rights. Comment on the effectiveness of shareholder activism.,Evaluate,figshare_exam_questions,en
Skimming and scanning are useful ways to familiarise learners with the reading text. Evaluate the role of skimming and scanning in the teaching of reading.,Evaluate,figshare_exam_questions,en
Soil algae and protozoa are usually restricted at the uppermost soil layers and smaller than their aquatic counterparts. Justify.,Evaluate,figshare_exam_questions,en
Soil organic matter content will differ depending on environmental conditions. Justify with TWO examples.,Evaluate,figshare_exam_questions,en
"Standardized, reusable containers have fairly obvious benefits for shipping. Use five (5) points to justify the purpose of these devices within the plant.",Evaluate,figshare_exam_questions,en
State your recommended solution with justification.,Evaluate,figshare_exam_questions,en
Suggest THREE (3) methods Game2 can take to prevent damage to its Web sites and continuing operations. Justify your answer.,Evaluate,figshare_exam_questions,en
Suggest and justify ONE (1) strategy that your company may consider for marketing its products internationally.,Evaluate,figshare_exam_questions,en
Support your answers with ONE (1) example from everyday life for ANY TWO factor.,Evaluate,figshare_exam_questions,en
Support your answers with ONE (1) example from everyday life for each type of personality.,Evaluate,figshare_exam_questions,en
Support your answers with ONE (1) example in everyday life for EACH perspective.,Evaluate,figshare_exam_questions,en
Support your answers with ONE (1) example in everyday life for EACH theory.,Evaluate,figshare_exam_questions,en
Support your answers with ONE (1) example in everyday life for each strategy.,Evaluate,figshare_exam_questions,en
Support your answers with ONE (1) example in everyday life for each theory.,Evaluate,figshare_exam_questions,en
Support your answers with TWO (2) examples in everyday life for each strategy.,Evaluate,figshare_exam_questions,en
Support your views with ONE (1) example for each disadvantage.,Evaluate,figshare_exam_questions,en
Support your views with ONE (1) example for each strategy.,Evaluate,figshare_exam_questions,en
Support your views with TWO (2) examples from everyday life for each origins.,Evaluate,figshare_exam_questions,en
Support your views with TWO (2) examples in everyday life for each tactic.,Evaluate,figshare_exam_questions,en
"Technology has been used in most schools since the 90s, but it still has some interruptions. Validate the top FOUR (4) problematic issues with technology in education today.",Evaluate,figshare_exam_questions,en
The impact of using JSTL in software development can significantly reduce its development time. Prove that there is some truth in the statement.,Evaluate,figshare_exam_questions,en
There are several benefits for the statement of aims and learning outcomes in a lesson. Evaluate FIVE (5) benefits.,Evaluate,figshare_exam_questions,en
Use a judge and jury to discuss the statement 'Children enjoy Anthony Browne's books because of the illustrations'.,Evaluate,figshare_exam_questions,en
"Using an appropriate example, prove that listeners are able to manage resources effectively in web applications.",Evaluate,figshare_exam_questions,en
"Using straight value depreciation, decide between two copper-nickel alloys for the design of a heat exchanger.",Evaluate,figshare_exam_questions,en
"Using the basic principles of socialism discussed in this course, evaluate the US economic system by providing key arguments to support your judgment.",Evaluate,figshare_exam_questions,en
Vince longs a put option on Junebank's stock with a strike price at RM13. Currently Junebank's stock is priced at RM15 and the option premium is RM1.50. Advise Vince whether or not to exercise the option. Justify your answer.,Evaluate,figshare_exam_questions,en
Was Hemingway a great American writer? First you will need to define greatness.,Evaluate,figshare_exam_questions,en
What changes to . . . would you recommend?,Evaluate,figshare_exam_questions,en
What criteria would you use to assess the validity of a business contract?,Evaluate,figshare_exam_questions,en
What criteria would you use to assess...?,Evaluate,figshare_exam_questions,en
What criteria would you use to evaluate if your answer is correct?,Evaluate,figshare_exam_questions,en
What data was used to evaluate ____________?,Evaluate,figshare_exam_questions,en
What do you think about . . .?,Evaluate,figshare_exam_questions,en
What do you think are the strengths of using integrated math in your program?,Evaluate,figshare_exam_questions,en
What do you think is the best thing about coming to Viestal?,Evaluate,figshare_exam_questions,en
What do you think is the mass and why,Evaluate,figshare_exam_questions,en
What is part of this book did you like best. Tell why you like it?,Evaluate,figshare_exam_questions,en
What is the most important...?,Evaluate,figshare_exam_questions,en
What would you cite to defend the actions . . . ?,Evaluate,figshare_exam_questions,en
"When quantity discounts are offered, justify why it is not necessary to check discount points that are below the EOQ or points above the EOQ that are not discount points.",Evaluate,figshare_exam_questions,en
Which of the following actions would probably be least effective in determining the answer?,Evaluate,figshare_exam_questions,en
"Which of the two algorithms, bubblesort or quicksort, is more efficient? Justify your answer.",Evaluate,figshare_exam_questions,en
Winer (2001) proposes a 7-component Customer Relationship Management (CRM) Model as a framework to implement a successful CRM program. Evaluate each of the seven components of the CRM Model.,Evaluate,figshare_exam_questions,en
"With reference to the case, evaluate the similarities and differences between open mindedness and mental models.",Evaluate,figshare_exam_questions,en
"With the aid of pseudocode or source codes, assess the usage of fork, exec and wait functions in working together in inter process communication.",Evaluate,figshare_exam_questions,en
Would you have liked to have had Cinderella for a sister? Explain why or why not.,Evaluate,figshare_exam_questions,en
Write a list of criteria to judge the Willy raps.,Evaluate,figshare_exam_questions,en
"You are on a mission to study the microbial diversity in a hyperarid desert. Design experimental steps in collecting, storing, and analyzing the samples. Justify the choices in each step and predict the types of microbes that could be found.",Evaluate,figshare_exam_questions,en
"Your advice has been sought to settle the following dispute in Company X. Referring to appropriate legal principles, write a short report advising the company on the best course of action to adopt.",Evaluate,figshare_exam_questions,en
decide about the most exciting part of the book. being sure to give at least three reasons why?,Evaluate,figshare_exam_questions,en
"improved, reformed or rejected?",Evaluate,figshare_exam_questions,en
judge the difficulty level for yourself.,Evaluate,figshare_exam_questions,en
suggest ways in which it could have responded more effectively,Evaluate,figshare_exam_questions,en
“Domestication of animals does not influence human behavior and lifestyle.” State whether you agree or disagree with the statement. Justify your answer.,Evaluate,figshare_exam_questions,en
“Firms can use existing brand names or create new brands on the internet”. Evaluate on the above statement.,Evaluate,figshare_exam_questions,en
"“Goods and services design could help manufacturers to gain competitive advantages."" Justify the statement with any THREE (3) strategies.",Evaluate,figshare_exam_questions,en
"“Instead of focusing only on investing in local market, some investors also invest in foreign market”. Justify above statement by providing FOUR (4) benefits of investing in foreign market.",Evaluate,figshare_exam_questions,en
“Technology has aided manufacturing and service companies in inventory management.' Justify the statement.,Evaluate,figshare_exam_questions,en
"“The efficient market hypothesis (EMH) states it is impossible to consistently outperform an efficient market and the only way an investor can possibly obtain higher returns is by purchasing riskier investments."" Justify the statement.",Evaluate,figshare_exam_questions,en
“Transgenic technology is the best method used for crop improvement and that it should be the only method adopted in future”. Comment on the above statement and justify your explanation.,Evaluate,figshare_exam_questions,en
A cascade of zymogen activation occurs both with digestive proteases and blood clotting proteases. List THREE advantages of this activation.,Remember,figshare_exam_questions,en
About what proportion of the population of the US is living on farms?,Remember,figshare_exam_questions,en
"As a supervisor for the brickworks, List FOUR (4) aspects of brick quality control in order to produce good architectural work.",Remember,figshare_exam_questions,en
"Based on the above dataType class, list all the function members",Remember,figshare_exam_questions,en
"Based on your knowledge, describe TWO (2) foreign bonds that are well known in the market.",Remember,figshare_exam_questions,en
"Besides Field Programmable Gate Array (FPGA), name one other type of programmable logic device.",Remember,figshare_exam_questions,en
Briefly describe THREE (3) types of business process that traditionally organized around functional areas of business. Provide an example of each.,Remember,figshare_exam_questions,en
Briefly list the different types of building maintenance.,Remember,figshare_exam_questions,en
Choose ONE (1) activity and describe briefly how you plan to carry it out in your reading lesson.,Remember,figshare_exam_questions,en
Cloud computing evolved from earlier technologies. State them.,Remember,figshare_exam_questions,en
Companies must take reasonable steps to ensure that their investors enjoy equal access to material information. Briefly describe SIX (6) corporate disclosure policies under Main Market Listing Requirements (MMLR).,Remember,figshare_exam_questions,en
Conducting a set-induction before presentation has several advantages. List the FIVE (5) reasons for use of the set-induction in a lesson.,Remember,figshare_exam_questions,en
Correctly label the brain lobes indicated on the diagram below,Remember,figshare_exam_questions,en
Define 2 dimensional and 3 dimensional designs.,Remember,figshare_exam_questions,en
Define Chiaroscuro and Sfumato technique.,Remember,figshare_exam_questions,en
Define Classical approach and Human Relations approach.,Remember,figshare_exam_questions,en
Define Educational Technology based on FIVE (5) instructional design view.,Remember,figshare_exam_questions,en
Define FOUR (4) common authoring metaphors and its advantages and disadvantages.,Remember,figshare_exam_questions,en
Define FOUR (4) primary roles of advertising in business and society.,Remember,figshare_exam_questions,en
Define Information Systems (IS).,Remember,figshare_exam_questions,en
Define Inheritance concept,Remember,figshare_exam_questions,en
Define Method in JAVA.,Remember,figshare_exam_questions,en
"Define and list out the objectives of monetary policy, the quantitative versus qualitative instruments of monetary policy.",Remember,figshare_exam_questions,en
Define attitudes.,Remember,figshare_exam_questions,en
Define attribution.,Remember,figshare_exam_questions,en
Define brainstorming process.,Remember,figshare_exam_questions,en
Define brand audit.,Remember,figshare_exam_questions,en
Define briefly the role of marketing in advertising effectiveness.,Remember,figshare_exam_questions,en
Define color temperature.,Remember,figshare_exam_questions,en
Define compound interest.,Remember,figshare_exam_questions,en
Define electronic commerce.,Remember,figshare_exam_questions,en
Define factors of production.,Remember,figshare_exam_questions,en
Define four types of traceability.,Remember,figshare_exam_questions,en
Define graphic design and product design.,Remember,figshare_exam_questions,en
Define instructional materials based on your understanding.,Remember,figshare_exam_questions,en
Define instructional materials.,Remember,figshare_exam_questions,en
Define knowledge and provide an example of knowledge produced by a vehicle management system.,Remember,figshare_exam_questions,en
Define liberal art.,Remember,figshare_exam_questions,en
Define luxury consumption of plant nutrients.,Remember,figshare_exam_questions,en
Define mercantilism.,Remember,figshare_exam_questions,en
Define morphology,Remember,figshare_exam_questions,en
Define organizational culture according to Schein (1990).,Remember,figshare_exam_questions,en
Define pixel.,Remember,figshare_exam_questions,en
Define prejudice.,Remember,figshare_exam_questions,en
Define privacy.,Remember,figshare_exam_questions,en
Define problem solving processes.,Remember,figshare_exam_questions,en
Define prosocial behaviors.,Remember,figshare_exam_questions,en
Define schemas.,Remember,figshare_exam_questions,en
Define soil bioremediation.,Remember,figshare_exam_questions,en
Define soil pH.,Remember,figshare_exam_questions,en
Define standard operating procedures as highlighted.,Remember,figshare_exam_questions,en
"Define stream bank, floodplain and substrate.",Remember,figshare_exam_questions,en
Define the Demographic characteristics.,Remember,figshare_exam_questions,en
Define the basic concepts of Educational Technology.,Remember,figshare_exam_questions,en
"Define the designation “Frame = -3"".",Remember,figshare_exam_questions,en
Define the meaning of the Olympic Motto.,Remember,figshare_exam_questions,en
Define the term 'Production Possibility Curve' as used in the timber and steel factory.,Remember,figshare_exam_questions,en
Define the term Radio Frequency Identification (RFID).,Remember,figshare_exam_questions,en
Define the term project in the context of project management.,Remember,figshare_exam_questions,en
Define transgenic crops.,Remember,figshare_exam_questions,en
Describe ANY FIVE (5) possible scenarios of the project failure.,Remember,figshare_exam_questions,en
Describe FIVE (5) categories of space.,Remember,figshare_exam_questions,en
Describe FIVE (5) key players in advertising.,Remember,figshare_exam_questions,en
Describe FIVE (5) techniques to achieve dominance.,Remember,figshare_exam_questions,en
Describe Impressionism art style.,Remember,figshare_exam_questions,en
Describe Prisoner Dilemma in the context of game theory.,Remember,figshare_exam_questions,en
Describe Renaissance art style.,Remember,figshare_exam_questions,en
Describe THREE (3) advantages of the banker's acceptance towards either exporter or importer.,Remember,figshare_exam_questions,en
Describe THREE (3) deposit liabilities for commercial banks.,Remember,figshare_exam_questions,en
Describe about application and web servers.,Remember,figshare_exam_questions,en
Describe color wheel.,Remember,figshare_exam_questions,en
Describe consumer behaviour.,Remember,figshare_exam_questions,en
Describe focused task and how it can be used to teach grammar for low proficiency students.,Remember,figshare_exam_questions,en
Describe graphic design and product design.,Remember,figshare_exam_questions,en
Describe graphic design.,Remember,figshare_exam_questions,en
Describe material gathering process.,Remember,figshare_exam_questions,en
Describe the 5 hierarchical stages of Welliver's Instructional Transformation Model.,Remember,figshare_exam_questions,en
Describe the Concept of Culture.,Remember,figshare_exam_questions,en
Describe the Pop Art style in 1958 - 1972.,Remember,figshare_exam_questions,en
Describe the SEVEN (7) advantages of radio advertising.,Remember,figshare_exam_questions,en
Describe the THREE (3) roles for social media in branding.,Remember,figshare_exam_questions,en
Describe the advantages of Product Standardization.,Remember,figshare_exam_questions,en
Describe the challenges in global advertising.,Remember,figshare_exam_questions,en
Describe the economic growth and FOUR (4) sources of economic growth.,Remember,figshare_exam_questions,en
Describe the function of International Monetary Fund (IMF).,Remember,figshare_exam_questions,en
Describe the meaning of 'design'.,Remember,figshare_exam_questions,en
Describe what multimedia is.,Remember,figshare_exam_questions,en
Draw and label a diagram of a typical stream.,Remember,figshare_exam_questions,en
Draw the basic outline of a page of notes using the Cornell Method?,Remember,figshare_exam_questions,en
Draw the block diagram of the central processing unit,Remember,figshare_exam_questions,en
Draw the flow chart of the PNK system,Remember,figshare_exam_questions,en
"Explain briefly the meaning of the following terms: Demography, Consumer sales promotion , and Media mix",Remember,figshare_exam_questions,en
Fill in the detail of typeface properties base on the following illustration.,Remember,figshare_exam_questions,en
Give FIVE (5) guidelines when creating storyboarding.,Remember,figshare_exam_questions,en
Give FOUR (4) advantages of multimedia application in education.,Remember,figshare_exam_questions,en
Give the three (3) categories of primitive data types and briefly explain what each category is used for.,Remember,figshare_exam_questions,en
How many instructions in the instruction set of RISC computer?,Remember,figshare_exam_questions,en
How many kilometers from your home to the university,Remember,figshare_exam_questions,en
How many loop statement available in c++?,Remember,figshare_exam_questions,en
How many states are there in USA,Remember,figshare_exam_questions,en
How many years does this animal live?,Remember,figshare_exam_questions,en
How much data can be stored in the cach memory,Remember,figshare_exam_questions,en
How much did he pay for his car,Remember,figshare_exam_questions,en
How much is your weight,Remember,figshare_exam_questions,en
How much time did he took to build a house,Remember,figshare_exam_questions,en
How much water does an elephant drink,Remember,figshare_exam_questions,en
Identify FIVE (5) Maslow's Hierarchy of Needs based on organizational context.,Remember,figshare_exam_questions,en
Identify FIVE (5) conditions that one needs to meet in order to be an independent director in Malaysian public listed company (PLC).,Remember,figshare_exam_questions,en
Identify FIVE (5) effects of organizational communication technology towards communication pattern.,Remember,figshare_exam_questions,en
Identify FIVE (5) key players in advertising.,Remember,figshare_exam_questions,en
Identify FIVE (5) problem solving processes.,Remember,figshare_exam_questions,en
Identify FOUR (4) factors that influence consumer behaviour.,Remember,figshare_exam_questions,en
Identify ONE (1) most likely error of the following quotation.,Remember,figshare_exam_questions,en
Identify PayPal's business model.,Remember,figshare_exam_questions,en
Identify SIX (6) factors to be considered when designing layout.,Remember,figshare_exam_questions,en
Identify TEN (10) tips during the press conference.,Remember,figshare_exam_questions,en
Identify THREE (3) classification system of economy.,Remember,figshare_exam_questions,en
Identify TWO (2) perspectives that are able to explain the origin of prejudice.,Remember,figshare_exam_questions,en
Identify a phrase as a simile,Remember,figshare_exam_questions,en
"Identify a property (commutative, additive, etc(",Remember,figshare_exam_questions,en
Identify any FIVE (5) significances of nonverbal communication in organization.,Remember,figshare_exam_questions,en
Identify any TWO (2) advantages of matching demand strategy and level strategy each in preparing aggregate production plan.,Remember,figshare_exam_questions,en
Identify fractions from a pictorial representation,Remember,figshare_exam_questions,en
Identify ordinal positions,Remember,figshare_exam_questions,en
Identify some of the most important possible dimensions that should be included in the data modelling design.,Remember,figshare_exam_questions,en
Identify the HP's challenges in text mining.,Remember,figshare_exam_questions,en
Identify the correct definition of osmosis.,Remember,figshare_exam_questions,en
Identify the five major prophets of the Old Testament.,Remember,figshare_exam_questions,en
Identify the part of a eukaryotic cell.,Remember,figshare_exam_questions,en
Identify the standard peripheral components of a computer.,Remember,figshare_exam_questions,en
Identify what types of brickwork defects that require rejection from the supervisor.,Remember,figshare_exam_questions,en
Identify which country has an absolute advantage in the production of sugar cane and blue agave.,Remember,figshare_exam_questions,en
Identify which word begins with the same sound as the s in sun (Knowledge of letter s),Remember,figshare_exam_questions,en
In Which part of the world does he live,Remember,figshare_exam_questions,en
"In a two-column table, list FIVE (5) tools used in the technology-integrated instruction and the traditional instruction respectively.",Remember,figshare_exam_questions,en
"In maintaining concrete quality, identify SEVEN (7) good practices on site.",Remember,figshare_exam_questions,en
Indicate the variables that are important in each of the canonical variates.,Remember,figshare_exam_questions,en
Information systems value is determined by the strong relationships among THREE (3) major components. Name them.,Remember,figshare_exam_questions,en
Label any Olympic sporting apparatus with design features.,Remember,figshare_exam_questions,en
Label the human communication process diagram below.,Remember,figshare_exam_questions,en
Label the parts of the diagram,Remember,figshare_exam_questions,en
Label the parts of the following insects: Grasshopper,Remember,figshare_exam_questions,en
Label the parts of the microscope shown on the right,Remember,figshare_exam_questions,en
List FIVE (5) activities that you would use in the set-induction stage of a reading lesson Keeping our rivers clean.,Remember,figshare_exam_questions,en
List FIVE (5) basic types of research.,Remember,figshare_exam_questions,en
List FIVE (5) categories of Intentional Crises and FIVE (5) categories of Unintentional Crises.,Remember,figshare_exam_questions,en
List FIVE (5) differences between forward and future market.,Remember,figshare_exam_questions,en
List FIVE (5) elements in downward communication.,Remember,figshare_exam_questions,en
List FIVE (5) functions of Department of Safety and Health as outline in OSHA 1994.,Remember,figshare_exam_questions,en
List FIVE (5) guidelines for spokesperson to follow during the media interview.,Remember,figshare_exam_questions,en
List FIVE (5) major business activities of investment banks.,Remember,figshare_exam_questions,en
List FIVE (5) phases of organizational conflict described by Pondy (1967).,Remember,figshare_exam_questions,en
List FIVE (5) plant consideration in a construction site.,Remember,figshare_exam_questions,en
List FIVE (5) properties of damp-proof courses.,Remember,figshare_exam_questions,en
"List FIVE (5) suggestions on how Malaysian public listed company director in Malaysia can perform 'Duty to use Reasonable Care, Skill & Diligence'.",Remember,figshare_exam_questions,en
List FIVE (5) types of trick questions.,Remember,figshare_exam_questions,en
List FIVE (5) weaknesses of Out-of-Home (OOH) Advertising.,Remember,figshare_exam_questions,en
List FOUR (4) general requirements for floor finishes.,Remember,figshare_exam_questions,en
List FOUR conditions required in order for an animal population to remain at Hardy-Weinberg equilibrium.,Remember,figshare_exam_questions,en
List SEVEN (7) types of advertising.,Remember,figshare_exam_questions,en
List THREE (3) advantages and TWO (2) disadvantages codification.,Remember,figshare_exam_questions,en
List THREE (3) usages of instructional materials to facilitate classroom teaching and learning process.,Remember,figshare_exam_questions,en
List THREE applications of degenerate PCR amplification.,Remember,figshare_exam_questions,en
List THREE factors in determining economic thresholds for weeds.,Remember,figshare_exam_questions,en
List THREE factors that influence the type of irrigation used in agriculture.,Remember,figshare_exam_questions,en
List THREE types of Atomic Force Mircroscopes (AFM).,Remember,figshare_exam_questions,en
List TWO (2) advantages and TWO (2) disadvantages of printed newspaper advertising.,Remember,figshare_exam_questions,en
List TWO (2) importance of using instructional materials in teaching.,Remember,figshare_exam_questions,en
List and briefly describe FOUR (4) types of secondary equity markets.,Remember,figshare_exam_questions,en
List and describe THREE (3) accounting cycles in an Accounting Information System.,Remember,figshare_exam_questions,en
List another TWO isotherms besides Langmiur isoterm.,Remember,figshare_exam_questions,en
"List any FIVE (5) themes identified by Tom Peters and Robert Waterman for “excellent organizations"".",Remember,figshare_exam_questions,en
List any SEVEN (7) suggestions for good presentation of your business plan as it is very crucial to convince potential consumers and financers.,Remember,figshare_exam_questions,en
List any THREE (3) practical approaches for payment collection in revenue cycle.,Remember,figshare_exam_questions,en
List any TWO (2) real life examples of the organization that implement the clicks-and-bricks B2C E-Commerce.,Remember,figshare_exam_questions,en
List down FIVE (5) types of concrete admixture.,Remember,figshare_exam_questions,en
List down FIVE (5) types of shapes.,Remember,figshare_exam_questions,en
List down THREE (3) methods of excavation.,Remember,figshare_exam_questions,en
List down the environmental factors that an international marketer should consider.,Remember,figshare_exam_questions,en
List four traits commonly used for the development of transgenic crops.,Remember,figshare_exam_questions,en
List four types of clauses mentioned in the article,Remember,figshare_exam_questions,en
List important information you can remember from lesson….,Remember,figshare_exam_questions,en
List out FIVE (5) ways how manufacturing and service companies have commitment toward the environmental friendly practices.,Remember,figshare_exam_questions,en
List out FOUR (4) benefits of using RFID.,Remember,figshare_exam_questions,en
List out any SIX (6) factors to be considered when designing a layout.,Remember,figshare_exam_questions,en
List reserved words in C programming.,Remember,figshare_exam_questions,en
List the SEVEN (7) factors to be considered in the method of excavation and timbering.,Remember,figshare_exam_questions,en
List the SEVEN (7) stages of the development process of a building project.,Remember,figshare_exam_questions,en
List the __________________ in descending order,Remember,figshare_exam_questions,en
List the advantages and disadvantages of Public Offering.,Remember,figshare_exam_questions,en
List the attributes of the following shape.,Remember,figshare_exam_questions,en
List the characteristics peculiar to the Cubist movement.,Remember,figshare_exam_questions,en
List the data members,Remember,figshare_exam_questions,en
List the fractions you know and can show….,Remember,figshare_exam_questions,en
List the information that can be obtained from X-Ray Photoelectron Spectroscopy (XPS).,Remember,figshare_exam_questions,en
List the levels in Bloom's Taxonomy.,Remember,figshare_exam_questions,en
List the procedure to draw a mixed potential or Evans' diagram,Remember,figshare_exam_questions,en
List the steps involved in titration.,Remember,figshare_exam_questions,en
List three characteristics that are unique to the Cubist movement.,Remember,figshare_exam_questions,en
List three predominant economic systems that exist,Remember,figshare_exam_questions,en
List two local variables in the main function,Remember,figshare_exam_questions,en
List two reference parameters in the setHour function,Remember,figshare_exam_questions,en
Look at the symbol. What is the symbol’s purpose on a map?,Remember,figshare_exam_questions,en
Make a list of facts you learned from the story.,Remember,figshare_exam_questions,en
Make a list of the main events of the story.,Remember,figshare_exam_questions,en
Memorize and recall the periodic table,Remember,figshare_exam_questions,en
Multimedia is shifting from being localized (contained on a CD-ROM) to being distributed (available on the World Wide Web). Give FIVE (5) implications on this.,Remember,figshare_exam_questions,en
"Municipal bonds are securities issued by local, county and state government. Identify THREE (3) types of Municipal Bonds that available in the market.",Remember,figshare_exam_questions,en
Name 5 steps that follow the taking of notes (within 24 hours or less)?,Remember,figshare_exam_questions,en
Name FIVE vital plant processes that herbicides target.,Remember,figshare_exam_questions,en
Name FOUR (4) types of soil in-situ field test and its application.,Remember,figshare_exam_questions,en
Name TWO (2) types of laboratory tests.,Remember,figshare_exam_questions,en
Name a donor atom and acceptor atom for Si.,Remember,figshare_exam_questions,en
Name a major culture collection.,Remember,figshare_exam_questions,en
Name all the characters in the story.,Remember,figshare_exam_questions,en
Name five cities in US.,Remember,figshare_exam_questions,en
Name five types of common dialog boxes.,Remember,figshare_exam_questions,en
Name the THREE types of land application of wastewater.,Remember,figshare_exam_questions,en
"Name the amino acid residues with the single letter code ""EQRNHL"".",Remember,figshare_exam_questions,en
Name the amino acids for the following single letter codes: DMVREL.,Remember,figshare_exam_questions,en
Name the artist who painted the Mona Lisa.,Remember,figshare_exam_questions,en
Name the authors of...?,Remember,figshare_exam_questions,en
Name the enzyme commonly used to detect liver damage or muscle damage in clinical diagnosis.,Remember,figshare_exam_questions,en
Name the following conserved amino acids for their corresponding single letter codes: SQYKRECP.,Remember,figshare_exam_questions,en
Name the following conserved amino acids with their corresponding single letter codes: WMEADK.,Remember,figshare_exam_questions,en
Name the food groups and at least two items of food in each group.,Remember,figshare_exam_questions,en
Name the four major food groups.,Remember,figshare_exam_questions,en
Name the keyword in an ABAP program that can be used to invoke the debugging mode.,Remember,figshare_exam_questions,en
Name the main characters in the story.,Remember,figshare_exam_questions,en
Name the property that states that,Remember,figshare_exam_questions,en
Name three 19th-century women English authors.,Remember,figshare_exam_questions,en
"Nancy intends to include text for her multimedia presentation. As a multimedia specialist, provide TWO (2) guidelines to Nancy when working with text.",Remember,figshare_exam_questions,en
National income can be calculated using three approaches. State the THREE (3) approaches.,Remember,figshare_exam_questions,en
Outline THREE (3) uses of digital audio in the multimedia presentation.,Remember,figshare_exam_questions,en
Please label the diagram below:,Remember,figshare_exam_questions,en
Presenting the business plan is very crucial to convince potential consumers and financers. List any SEVEN (7) suggestions for good presentation of your business plan.,Remember,figshare_exam_questions,en
Provide THREE (3) examples of input devices.,Remember,figshare_exam_questions,en
Provide the suitable commands to help her to compile and run her Java program.,Remember,figshare_exam_questions,en
Provide three (3) situations whereby it will be useful to use reference variables as parameters.,Remember,figshare_exam_questions,en
Recall basic math facts,Remember,figshare_exam_questions,en
Recall four facts from the story,Remember,figshare_exam_questions,en
Recall locations of a historical events,Remember,figshare_exam_questions,en
Recall the definition of the formula datatype from your assignment 2.,Remember,figshare_exam_questions,en
Recall the equation for the Ideal Gas Law.,Remember,figshare_exam_questions,en
Recall the following pictoral example of an implementation of some queue operations,Remember,figshare_exam_questions,en
Recall the main components of the flowchart,Remember,figshare_exam_questions,en
Recite a policy of immigration in Europe .,Remember,figshare_exam_questions,en
"Recite the poem ""Auto Wreck"".",Remember,figshare_exam_questions,en
Recite the principles of the Data Protection Act.,Remember,figshare_exam_questions,en
Recite the the Gaussian law,Remember,figshare_exam_questions,en
Scaffolding is a temporary frame constructed to support a number of platforms at different heights and to provide workers a safe platform from which to work. Name any FOUR (4) types of scaffolding used in construction industry.,Remember,figshare_exam_questions,en
Specify TWO (2) limitations of k-means clustering.,Remember,figshare_exam_questions,en
"Standardized, reusable containers have fairly obvious benefits in shipping and within a plant. State five (5) purpose of these devices.",Remember,figshare_exam_questions,en
State FOUR (4) basic business activities that are performed in the revenue cycle.,Remember,figshare_exam_questions,en
State THREE advantages of pregnancy diagnosis in animal breeding.,Remember,figshare_exam_questions,en
State THREE traits that are associated with invasive plants.,Remember,figshare_exam_questions,en
State TWO (2) advantages of continuous bioreactors over batch bioreactors.,Remember,figshare_exam_questions,en
State TWO (2) subsystems of AIS.,Remember,figshare_exam_questions,en
"State TWO examples for inorganic and organic contaminants, respectively.",Remember,figshare_exam_questions,en
State TWO phenomena that affect the stabilization of colloidal nanoparticles in aqueous medium.,Remember,figshare_exam_questions,en
State any FOUR (4) characteristics of valuable information.,Remember,figshare_exam_questions,en
State four attributes of well engineered software.,Remember,figshare_exam_questions,en
State how to find a word in a dictionary,Remember,figshare_exam_questions,en
State the SIX categories in soil taxonomy.,Remember,figshare_exam_questions,en
State the THREE (3) approaches to calculate national income.,Remember,figshare_exam_questions,en
State the advantages of no tillage.,Remember,figshare_exam_questions,en
State the characteristics of each type of corrosion testing studied,Remember,figshare_exam_questions,en
State the definition of application in Bloom's Taxonomy.,Remember,figshare_exam_questions,en
State the differences between Items Add method and Items Insert Method in Combo Box.,Remember,figshare_exam_questions,en
State the five assumptions of an ideal diode.,Remember,figshare_exam_questions,en
State the formula for the area of a circle,Remember,figshare_exam_questions,en
State the goal of integrated weed management and its essence.,Remember,figshare_exam_questions,en
State the guidelines to design an anodic protection system,Remember,figshare_exam_questions,en
State the main missions of National Center for Biotechnology Information (NCBI).,Remember,figshare_exam_questions,en
State the number of autosome and sex-chromosome for a rooster and a hen.,Remember,figshare_exam_questions,en
State the pattern for expressing time in French.,Remember,figshare_exam_questions,en
State the purposes of risk assessment.,Remember,figshare_exam_questions,en
State the rule for balls and strikes in baseball.,Remember,figshare_exam_questions,en
State the rule for using a semicolon in a sentence.,Remember,figshare_exam_questions,en
State three methods that could be used to determine the adequate number of factors in the solution.,Remember,figshare_exam_questions,en
State what does the symbol “+” represents.,Remember,figshare_exam_questions,en
Teacher-prepared materials are the best form of resources for your English language lesson. State FIVE (5) factors that you would consider when preparing your resources.,Remember,figshare_exam_questions,en
The Glass-Steagall Act of 1933 (Banking Act) restricted the asset powers of commercial banks in US to low-risk underwriting areas. List FOUR (4) requirements under Glass-Steagall Act of 1933.,Remember,figshare_exam_questions,en
The structural view of language has several components. List FIVE (5) components.,Remember,figshare_exam_questions,en
What are major facts about particular cultures and societies,Remember,figshare_exam_questions,en
What are the major products and exports of countries,Remember,figshare_exam_questions,en
What are the representational symbols on maps and charts,Remember,figshare_exam_questions,en
What are the structure or functions of Congress,Remember,figshare_exam_questions,en
What are the units of corrosion penetration rates? Relate these to Faraday's law,Remember,figshare_exam_questions,en
What do you recall ...?,Remember,figshare_exam_questions,en
What does ICT stands for.,Remember,figshare_exam_questions,en
What is a global variable?,Remember,figshare_exam_questions,en
What is a textual index,Remember,figshare_exam_questions,en
What is the setting of To Kill a Mockingbird?,Remember,figshare_exam_questions,en
What is the title of the first movie you saw,Remember,figshare_exam_questions,en
What is your family name,Remember,figshare_exam_questions,en
What season are we in right now?,Remember,figshare_exam_questions,en
When did the second world war happen,Remember,figshare_exam_questions,en
When did you born ?,Remember,figshare_exam_questions,en
Which of the following is the method for determining the volume of a cylinder?,Remember,figshare_exam_questions,en
Which of the following item does not belong to the set ?,Remember,figshare_exam_questions,en
Which of the two liquids is hypotonic,Remember,figshare_exam_questions,en
Which technology is used by laser printer,Remember,figshare_exam_questions,en
Who is the first president of USA,Remember,figshare_exam_questions,en
Who was the writer of the Hamilton,Remember,figshare_exam_questions,en
Write FIVE (5) types of lines.,Remember,figshare_exam_questions,en
Write FOUR (4) purposes of poster.,Remember,figshare_exam_questions,en
Write THREE (3) categories of color.,Remember,figshare_exam_questions,en
Write down the FIVE (5) phases of the design process.,Remember,figshare_exam_questions,en
Write the first pair of standardised canonical variates.,Remember,figshare_exam_questions,en
in which continent does the state of suriname fall,Remember,figshare_exam_questions,en
in which countries is arabic language spoken,Remember,figshare_exam_questions,en
recall the supply voltage constraints,Remember,figshare_exam_questions,en
when did saudi arabia start using internet,Remember,figshare_exam_questions,en
when did the first saudi radio station open,Remember,figshare_exam_questions,en
when was the UN formed,Remember,figshare_exam_questions,en
when was the first airport in the yemen built,Remember,figshare_exam_questions,en
which part of a data packet is used by a router to determine the destination network,Remember,figshare_exam_questions,en
who is the founder of the kingdom of saudi Arabia,Remember,figshare_exam_questions,en
who was the first man on the moon,Remember,figshare_exam_questions,en
who was the first to compose in the arts of makamat,Remember,figshare_exam_questions,en
"""Assume that there is one dominant firm in the industry that sets the price and then all the other firms in the industry behave like perfectly competitive price­ taking firms"". By using appropriate diagrams, explain the underlying assumptions of the model stated in the statement.",Understand,figshare_exam_questions,en
"""Portfolio management strategies are different based on investor's risk preferences and expected return”. Based on above statement, briefly discuss TWO (2) major portfolio management strategies.",Understand,figshare_exam_questions,en
"""Portfolio management strategies are different based on the investor's risk preferences and expected return"". Based on above statement, explain TWO (2) major portfolio management strategies.",Understand,figshare_exam_questions,en
"""The bullwhip measure can be used to analyze supply chains. Nevertheless, inaccurate measures taken in addressing variance amplification can have ramifications"". Explain this statement.",Understand,figshare_exam_questions,en
A bond fund manager decided to allocate certain percentage of the portfolio in foreign bond market to improve the reward-to-risk ratio. Briefly explain THREE (3) specific risks related to investing in international bond market.,Understand,figshare_exam_questions,en
ABC inventory analysis is one of the methods used by manufacturing companies for effective inventory management. Explain your answer.,Understand,figshare_exam_questions,en
"According to many researchers, market inefficiencies do exist in most of the stock markets in the world and also known as market anomalies. This situation is contradicted to market efficiency hypothesis. Describe SIX (6) market inefficiencies that commonly happen in the stock markets.",Understand,figshare_exam_questions,en
An electron experiences a potential difference of 5 kV in vacuum. Find the wavelength of the particle.,Understand,figshare_exam_questions,en
"Annealing is a thermal process typically performed after ion implantation. With the aid of diagrams, briefly discuss the purpose of this process.",Understand,figshare_exam_questions,en
"As a defence strategy, most plant secondary metabolites exert adverse effects on herbivores. Discuss how plants avoid poisoning themselves with these metabolites.",Understand,figshare_exam_questions,en
"As a spokesperson that is handling the crisis, identify TWO (2) potential trick questions that might be asked by the reporters during the press conference. Provide your answer with explanation and an example for each trick question identified.",Understand,figshare_exam_questions,en
Assume that Japan is currently operating at the natural level of output. Investor is optimistic about the future due to the outstanding performance in the stock market. Explain the effect of event to the price level and output level in the short run and long run in Japan by using an appropriate diagram.,Understand,figshare_exam_questions,en
"Assume that an economy is initially below the natural rate of output, due to the stock market crash in 2008. Explain what policy the government can implement in order to return the output to the natural level by using appropriate diagram.",Understand,figshare_exam_questions,en
"Audio plays an important role in the development of multimedia. Illustrate the relations that exist between Wavelength, Frequency and Pitch of a digital audio.",Understand,figshare_exam_questions,en
Autoclave aerated concrete block is gaining popular in high rise construction. Briefly illustrate what are the unique features of the autoclave aerated concrete block.,Understand,figshare_exam_questions,en
Banks act as an important institution in the financial system. Briefly explain what a bank run is and provide THREE (3) causes that lead to its occurrence.,Understand,figshare_exam_questions,en
"Base on the case study given, summarize THREE (3) ISM security problems.",Understand,figshare_exam_questions,en
"Based on the aspartate protease mechanism, explain the concept of using ""Crixivan"" to treat HIV patients.",Understand,figshare_exam_questions,en
"Based on your understanding, highlight THREE (3) differences between vector graphics and bitmap images.",Understand,figshare_exam_questions,en
"Being outside directors, Independent Non-Executive Directors (INEDs) do not work in the company on a daily basis. Their hands are tied due to the nature of their positions. Provide an assessment on the limitations of INEDs in the context of corporate governance",Understand,figshare_exam_questions,en
"Besides LOCOS, name TWO (2) other applications which require thermal processes.",Understand,figshare_exam_questions,en
"Besides silicon and germanium, name ONE (1) other material that can be used as the substrate of a transistor.",Understand,figshare_exam_questions,en
"Besides silicon and germanium, name ONE (1) other material which could be used to fabricate transistors.",Understand,figshare_exam_questions,en
Bitmap images imported into a Macromedia Flash presentation have limitations on how these images can be animated. Elaborate on these limitations that may affect the output of the animation created by Albert.,Understand,figshare_exam_questions,en
"Briefly compare this way of testing the satisfiability of to the more standard way using SLD Resolution, as in Prolog",Understand,figshare_exam_questions,en
Briefly describe FIVE (5) general types of factors of production.,Understand,figshare_exam_questions,en
Briefly describe FOUR common characteristics that are possessed by a wild animal before they could be considered for domestication.,Understand,figshare_exam_questions,en
Briefly describe FOUR principles in selecting and purchasing breeding stock.,Understand,figshare_exam_questions,en
Briefly describe TEN (10) general characteristic of hardened concrete.,Understand,figshare_exam_questions,en
Briefly describe TWO mating methods of commercial importance for the production of fertilised eggs from breeder birds.,Understand,figshare_exam_questions,en
Briefly describe how poultry sexing is commonly carried out in a hatchery.,Understand,figshare_exam_questions,en
Briefly describe how riparian forests help in reducing nitrate contamination in rivers reducing nitrate and streams.,Understand,figshare_exam_questions,en
Briefly describe the BLOSUM scoring matrix.,Understand,figshare_exam_questions,en
Briefly describe the advantages of MOET in cattle breeding.,Understand,figshare_exam_questions,en
Briefly describe the advantages of marker assisted selection in farm animal breeding.,Understand,figshare_exam_questions,en
Briefly describe the author's approach to the liabilities of the GOTO statement,Understand,figshare_exam_questions,en
Briefly describe the disadvantages of characterising three dimensional protein structures using X-ray diffraction.,Understand,figshare_exam_questions,en
Briefly describe the hierarchical classification of proteins using CATH classification.,Understand,figshare_exam_questions,en
"Briefly describe the properties of wood in terms of density, thermal insulation, chemical resistance and strength.",Understand,figshare_exam_questions,en
Briefly describe the stages involved in sequence assembly for the whole genome shotgun methodology.,Understand,figshare_exam_questions,en
Briefly discuss THREE factors with ONE example each that should be considered when determining fertilizer placement method.,Understand,figshare_exam_questions,en
Briefly discuss any THREE (3) specific internet technologies or tools that are commonly found in providing support for business activities.,Understand,figshare_exam_questions,en
Briefly discuss any TWO (2) consequences for whistle-blowing activity.,Understand,figshare_exam_questions,en
Briefly discuss how spatial compression is different from temporal compression.,Understand,figshare_exam_questions,en
"Briefly discuss how the use of manure, organic by-products and commercial fertilizers have changed over time.",Understand,figshare_exam_questions,en
Briefly discuss on the difference between volatile and non-volatile storage.,Understand,figshare_exam_questions,en
Briefly discuss the advantage of C3 and C4 pathways for weeds.,Understand,figshare_exam_questions,en
Briefly discuss the key segregation of duties that should exist in the traditional manufacturing environment.,Understand,figshare_exam_questions,en
Briefly discuss why the emergence of the data warehouse phenomenon is causing such interest in the business world.,Understand,figshare_exam_questions,en
Briefly explain FOUR (4) advantages and disadvantages of option trading.,Understand,figshare_exam_questions,en
Briefly explain FOUR (4) manufacturing layout you have learned.,Understand,figshare_exam_questions,en
Briefly explain Financial Reporting System (FRS) and identify THREE (3) potential risks in FRS.,Understand,figshare_exam_questions,en
Briefly explain THREE (3) main sources of banks earnings.,Understand,figshare_exam_questions,en
Briefly explain TWO (2) common techniques for data compression. Illustrate your answer with an example of each type of compression.,Understand,figshare_exam_questions,en
Briefly explain about Nyquist Theorem.,Understand,figshare_exam_questions,en
Briefly explain and draw the structure of dilute foams and concentrated foams.,Understand,figshare_exam_questions,en
Briefly explain any TWO (2) advantages of real time data processing in the sales and cash receipt system.,Understand,figshare_exam_questions,en
Briefly explain any TWO (2) observations of information technology trend using Moore's Law.,Understand,figshare_exam_questions,en
Briefly explain any TWO (2) reasons why multimedia is important for education.,Understand,figshare_exam_questions,en
Briefly explain any TWO (2) security objectives of audit trails.,Understand,figshare_exam_questions,en
Briefly explain how aggregation processes could improve the water quality in a water treatment plant.,Understand,figshare_exam_questions,en
Briefly explain how clay particles and soil organisms influence soil structure.,Understand,figshare_exam_questions,en
Briefly explain how the aggregation processes could improve the water quality in a water treatment plant.,Understand,figshare_exam_questions,en
Briefly explain how tillage will influence the density of soil.,Understand,figshare_exam_questions,en
Briefly explain if restriction mapping is useful in determining the presence of minisatellite.,Understand,figshare_exam_questions,en
Briefly explain the Auger process.,Understand,figshare_exam_questions,en
Briefly explain the SIX (6) key activities involved in the conversion cycle of a manufacturing company.,Understand,figshare_exam_questions,en
Briefly explain the characteristics of monopolistic market structure.,Understand,figshare_exam_questions,en
Briefly explain the desire properties of aggregate in producing concrete mixture.,Understand,figshare_exam_questions,en
Briefly explain the difference between Form Load event and Form Activated event.,Understand,figshare_exam_questions,en
Briefly explain the differences between a Langmuir-Blodgett (LB) monolayer and a self-assembled monolayer (SAM).,Understand,figshare_exam_questions,en
Briefly explain the differences between and Langmuir-Blodgett (LB) monolayer and self-assembled monolayer (SAM).,Understand,figshare_exam_questions,en
Briefly explain the drawbacks of using deficiency symptoms to determine fertilizer rates.,Understand,figshare_exam_questions,en
"Briefly explain the income-consumption curve. With the aid of diagrams, derive income-consumption curve and Engel curve if there is an increase in income given that the good is an inferior good. Explain your answer by showing at least two bundles of goods in the diagrams.",Understand,figshare_exam_questions,en
Briefly explain the main feature of the structures of dilute foams and concentrated foams.,Understand,figshare_exam_questions,en
Briefly explain the mechanism of RNA interference.,Understand,figshare_exam_questions,en
Briefly explain what a Repo is.,Understand,figshare_exam_questions,en
Briefly explain which characteristics of alluvial soils make them ideal for agriculture.,Understand,figshare_exam_questions,en
Briefly explain why a parallel solution with less number of synchronisation phases is more preferred than other solution with a lot of synchronisation phases.,Understand,figshare_exam_questions,en
"Briefly explain why authoring software is considered as ""high level tools"" whereas programming languages are known as ""low level tools"".",Understand,figshare_exam_questions,en
Briefly explain why coating a nanoparticle or surface with a polyelectrolyte (polymer with ionizable groups) is favourable.,Understand,figshare_exam_questions,en
Briefly explain why does surface tension remain constant once critical micelle concentration (CMC) is reached.,Understand,figshare_exam_questions,en
Briefly explain why fatty acids such as stearic acid can be used in Langmuir Blodgett (LB) film deposition and how the monolayer is formed.,Understand,figshare_exam_questions,en
Briefly explain why formation of solid forms in final product such as glasses and bottles in glass industry is a disadvantage.,Understand,figshare_exam_questions,en
Briefly explain why surface tension remains constant once critical micelle concentration (CMC) is reached.,Understand,figshare_exam_questions,en
Briefly illustrate FOUR (4) influences of carbon on metal.,Understand,figshare_exam_questions,en
Briefly provide any TWO (2) real life situations to illustrate on ethical dilemma.,Understand,figshare_exam_questions,en
Building Information Modeling (BIM) claims to enhance construction efficiency. Discuss THREE (3) benefits you would utilize and their importance to your project.,Understand,figshare_exam_questions,en
"By using an appropriate diagram, explain how the open market operation (OMO) can put an upward pressure on the federal fund rate (FFR).",Understand,figshare_exam_questions,en
"By using appropriate diagrams, explain how a decreasing cost industry affects the long-run supply curve in a perfectly competitive market.",Understand,figshare_exam_questions,en
CATH and SCOP are databases that hierarchically classify protein domains according to their structures. Describe the CATH protein classification system.,Understand,figshare_exam_questions,en
Can you explain what is happening . . . what is meant . . .?,Understand,figshare_exam_questions,en
Can you state in your own words what the problem is asking you to do,Understand,figshare_exam_questions,en
Categorize FIVE (5) advantages of multimedia in primary school education.,Understand,figshare_exam_questions,en
Categorize the basic concepts of multimedia with an example for each.,Understand,figshare_exam_questions,en
Choose ONE (1) of the factors that you mentioned in question 2(a) and briefly explain why you consider this factor is important.,Understand,figshare_exam_questions,en
Chymotrypsin belongs to serine protease family. Describe the catalytic mechanism of chymotrypsin emphasizing the role of the catalytic triad and substrate binding site in catalysis.,Understand,figshare_exam_questions,en
Class Facility is an abstract class. Explain what this means,Understand,figshare_exam_questions,en
Classify a person who scored 12 and 10 for acceptability and confidence assuming equal cost of misclassification and current percentage of supporters being 40.,Understand,figshare_exam_questions,en
Classify and briefly explain different computational methods used in analyzing flows in hydraulic engineering.,Understand,figshare_exam_questions,en
Classify animals into two groups.,Understand,figshare_exam_questions,en
Classify celebrations into family and community categories.,Understand,figshare_exam_questions,en
Classify frogs toads and other amphibians.,Understand,figshare_exam_questions,en
Classify information systems based on the support IS can provide.,Understand,figshare_exam_questions,en
Classify soil organisms according to their ecology and state TWO examples for each group.,Understand,figshare_exam_questions,en
"Classify the following protocols: IP, TCP, HTTP according to the ISO OSI classification",Understand,figshare_exam_questions,en
"Classify the following substances as particle, atom, element, molecule, compound",Understand,figshare_exam_questions,en
Classify types of corrosion inhibitors,Understand,figshare_exam_questions,en
"Company director can be removed by the shareholders during general meetings. However, the office of a director can become vacant under certain circumstances. Discuss FOUR (4) criteria for vacation of office.",Understand,figshare_exam_questions,en
Company directors remain the most important group of people who monitor and control the company on behalf of the shareholders. Explain the SIX (6) roles of company directors.,Understand,figshare_exam_questions,en
Compare Calliope with Howie. Use the word bank.,Understand,figshare_exam_questions,en
"Compare and contrast two treatments of either drapery or animals by Greek sculptors, establishing their artistic contexts",Understand,figshare_exam_questions,en
Compare historical events to contemporary situations,Understand,figshare_exam_questions,en
Compare the electrical conductivity of an insulator and a semiconductor at room temperature by using the energy band diagram.,Understand,figshare_exam_questions,en
Compare the formation process between igneous rock and sedimentary rocks.,Understand,figshare_exam_questions,en
"Compare the gravity retaining wall, semi gravity retaining wall and cantilever retaining wall in the aspects of shape design, maximum height and method of construction.",Understand,figshare_exam_questions,en
Compare the seasoning method between softwood and hardwood.,Understand,figshare_exam_questions,en
Compare this piece of music with the music recorded in CD quality.,Understand,figshare_exam_questions,en
"Comparing to the reference sequence, identify the functional elements to represent S2 and S3, respectively.",Understand,figshare_exam_questions,en
Complete an analogy (analogy tasks are inference tasks),Understand,figshare_exam_questions,en
Concisely define what SWOT analysis is and state why it is frequently producing conflicting views.,Understand,figshare_exam_questions,en
Construct a basic diagram or figure to demonstrate your understandings on what Information System is.,Understand,figshare_exam_questions,en
Construct a confusion matrix for the data and estimate the Apparent Error Rate.,Understand,figshare_exam_questions,en
Contrast B-mode and A-mode ultrasound systems.,Understand,figshare_exam_questions,en
"Contrast the following basic BLAST programs: PSI-BLAST, PHI-BLAST and tBLASTX.",Understand,figshare_exam_questions,en
Corporate bond is a debt contract (indenture) that requires borrowers to make periodic payment of interest and repayment of principal at the end of maturity date. Explain the type of market for corporate bond.,Understand,figshare_exam_questions,en
Cost benefit analysis is a process that helps management determine whether (and by how much) the benefits exceed costs. Briefly explain FOUR (4) intangible benefits.,Understand,figshare_exam_questions,en
Daniel Kahneman and Amos Tversky believe that many stock investors are far from fully rational. Explain FOUR (4) common factors that create irrational market behavior.,Understand,figshare_exam_questions,en
Define Bank Capital and elaborate the functions of Bank Capital.,Understand,figshare_exam_questions,en
Define Put-Call Parity and express it in equation.,Understand,figshare_exam_questions,en
Define allelopathy and list how allelopathic substance enters the environment.,Understand,figshare_exam_questions,en
Define and contrast digital certificate and digital signature.,Understand,figshare_exam_questions,en
Define and explain reinvestment risk with an example.,Understand,figshare_exam_questions,en
Define and explain the THREE (3) steps of bringing a new security issue in primary market.,Understand,figshare_exam_questions,en
Define cation exchange capacity (CEC) and discuss how CEC influences the status of nutrients in soil.,Understand,figshare_exam_questions,en
Define economic growth. List and explain how the public policies can promote economic growth.,Understand,figshare_exam_questions,en
Define economic threshold and its use.,Understand,figshare_exam_questions,en
Define federal fund market. Explain in detail its importance to a bank.,Understand,figshare_exam_questions,en
"Define graphic design, product design and environmental design. Provide ONE (1) example for each.",Understand,figshare_exam_questions,en
Define instructional materials and provide an example of it.,Understand,figshare_exam_questions,en
Define instructional materials. Provide an example of an instructional material for a subject.,Understand,figshare_exam_questions,en
Define profit. Briefly explain how accounting profit is different from economic profit.,Understand,figshare_exam_questions,en
Define put-call parity. Discuss its implications and how arbitrageurs could take advantage of arbitrage opportunities for both options.,Understand,figshare_exam_questions,en
Define social commerce and discuss its advantages for e-marketers.,Understand,figshare_exam_questions,en
Define soil horizon and relate it with soil profile.,Understand,figshare_exam_questions,en
Define solvency and liquidity. Give some simple strategies that banks can follow to avoid insolvency or illiquidity. State reasons banks might option not to adopt these strategies.,Understand,figshare_exam_questions,en
Define symmetrical balance and asymmetrical balance. Draw an example for each.,Understand,figshare_exam_questions,en
Define teachers' Pedagogical Reasoning Skills and explain how it helps teachers use instructional materials in classroom.,Understand,figshare_exam_questions,en
Define terms of trade and identify which country has an absolute advantage in the production of jade and diamond.,Understand,figshare_exam_questions,en
Define the basic concepts involved in incorporating technology in teaching English language at secondary school level.,Understand,figshare_exam_questions,en
Define the chemical interaction indicated by the arrows. Identify the binding region of an antigen on the antibody structure.,Understand,figshare_exam_questions,en
Define the transition state and activation energy in relation to catalytic power of an enzyme.,Understand,figshare_exam_questions,en
Define “biogeochemical cycling” and discuss its importance to the ecosystem and survival of living organisms.,Understand,figshare_exam_questions,en
Define “ecosystem services” and describe how they are benefiting our society.,Understand,figshare_exam_questions,en
Deleting and abridging are methods to modify instructional material when it is adapted. Illustrate both methods by adapting a short story to teach reading and writing skills to intermediate proficiency students.,Understand,figshare_exam_questions,en
Describe 4 types of coupling in software design.,Understand,figshare_exam_questions,en
Describe FIVE (5) characteristics of hardened concrete.,Understand,figshare_exam_questions,en
Describe FIVE (5) limitations of small size construction firms in Malaysia.,Understand,figshare_exam_questions,en
Describe SIX (6) factors that are affecting supply in the construction industry.,Understand,figshare_exam_questions,en
Describe SIX (6) functional requirements of walls.,Understand,figshare_exam_questions,en
Describe THREE (3) types of test that can be applied for a concrete structure survey.,Understand,figshare_exam_questions,en
Describe THREE factors that affect soil aeration.,Understand,figshare_exam_questions,en
Describe alkaloids chemically and how plants use this group of secondary metabolites to protect themselves from herbivores.,Understand,figshare_exam_questions,en
Describe and compare the role of Islamic law in the legal systems of Malaysia and Pakistan,Understand,figshare_exam_questions,en
Describe briefly how an image can be represented by chain coding and moments.,Understand,figshare_exam_questions,en
Describe briefly the experimental flow of fluorescent in situ hybridization (FISH). List THREE of its major applications.,Understand,figshare_exam_questions,en
Describe characteristics and importance of secondary market.,Understand,figshare_exam_questions,en
Describe conservation tillage and explain why it often requires a change in nutrient management.,Understand,figshare_exam_questions,en
"Describe dictogloss and how it can be used to teach listening, writing and speaking skills for intermediate proficiency students.",Understand,figshare_exam_questions,en
Describe diminishing of marginal product and explain the relationship between average product and marginal product by using an appropriate diagram.,Understand,figshare_exam_questions,en
Describe dynamic load balancing using centralised work pool approach.,Understand,figshare_exam_questions,en
"Describe each of the media types: captured, synthesized, discrete and continuous. Classify all the multimedia elements into the media types that described above.",Understand,figshare_exam_questions,en
Describe how Phillip and Timothy survived on the Cay.,Understand,figshare_exam_questions,en
Describe how hypotheses are combined in boosting.,Understand,figshare_exam_questions,en
Describe how interest rates affect the economy,Understand,figshare_exam_questions,en
Describe how pore size can affect water retention in soil.,Understand,figshare_exam_questions,en
Describe how soils are involved in the greenhouse effects.,Understand,figshare_exam_questions,en
Describe how the increase of soil organic matter level may immobilize some nutrients in soil.,Understand,figshare_exam_questions,en
Describe how the linear polarization method can yield corrosion rates,Understand,figshare_exam_questions,en
"Describe how the soil colloidal complex tends to serve as a ""reservoir"" for plant nutrients.",Understand,figshare_exam_questions,en
Describe in prose what is shown in graph form.,Understand,figshare_exam_questions,en
Describe in your own words how to borrow a book from the library.,Understand,figshare_exam_questions,en
Describe in your own words how to copy text from one program into another.,Understand,figshare_exam_questions,en
Describe in your own words what happens when a stream's velocity slows.,Understand,figshare_exam_questions,en
Describe in your own words what is meant by a sprained ankle.,Understand,figshare_exam_questions,en
Describe nuclear transport to a lay person.,Understand,figshare_exam_questions,en
Describe price feedback effect by using relevant example.,Understand,figshare_exam_questions,en
Describe soil colloids and their importance.,Understand,figshare_exam_questions,en
Describe the 'Qlassic Assessment' principles on how to perform the evaluation.,Understand,figshare_exam_questions,en
Describe the Pareto Principle in statistical software quality assurance.,Understand,figshare_exam_questions,en
Describe the THREE (3) causes of concrete blister.,Understand,figshare_exam_questions,en
Describe the TWO (2) conditions that lead to bank failures. Provide the examples of bank failures that happened in the past with a specific time frame.,Understand,figshare_exam_questions,en
Describe the TWO (2) key differences between perfect competition and monopolistic competition.,Understand,figshare_exam_questions,en
Describe the advantages and disadvantages of foliar application in fruit crops.,Understand,figshare_exam_questions,en
Describe the amino acid composition that could destabilize an enzyme's helical stability.,Understand,figshare_exam_questions,en
Describe the applications of mild steel in construction.,Understand,figshare_exam_questions,en
Describe the assumptions of monopolistic competitive market.,Understand,figshare_exam_questions,en
Describe the basic Qlassic inspection tools used and how they are used to detect the various types of defects for their assessment of quality.,Understand,figshare_exam_questions,en
Describe the circumstances when tertiary treatment of wastewater is necessary.,Understand,figshare_exam_questions,en
"Describe the common structural features of phosphatidylserine, phosphatidylethanolamine, phosphatidylcholine and phosphatidylinositol. State their general function(s).",Understand,figshare_exam_questions,en
Describe the components in the Mechanical and electrical System used in buildings.,Understand,figshare_exam_questions,en
Describe the components involved in the formation of a folded enzyme.,Understand,figshare_exam_questions,en
Describe the concept or purpose of Qlassic and CIS (Construction Industry Standards) documents.,Understand,figshare_exam_questions,en
Describe the differences between HTTP session listeners and servlet request listeners.,Understand,figshare_exam_questions,en
Describe the differences between progeny and sib testings.,Understand,figshare_exam_questions,en
Describe the differences in the sugar compositions between unfermented and fermented cocoa beans.,Understand,figshare_exam_questions,en
"Describe the effectiveness of advertising value of products, price, competition, consumer and business.",Understand,figshare_exam_questions,en
Describe the electrokinetic phenomenon.,Understand,figshare_exam_questions,en
Describe the enzyme characteristics that are desirable in high temperature industrial applications.,Understand,figshare_exam_questions,en
Describe the factors affecting premature building decay.,Understand,figshare_exam_questions,en
Describe the features of lactate dehydrogenase (LDH) as an isozyme. Discuss the diagnostic importance of LDH.,Understand,figshare_exam_questions,en
Describe the flow of MOET procedures in cattle breeding.,Understand,figshare_exam_questions,en
Describe the formation of an aquatic dead zone.,Understand,figshare_exam_questions,en
Describe the industrial application of enzymes in beer production.,Understand,figshare_exam_questions,en
Describe the interactions involved in stabilization of enzyme's quaternary structure. Explain which of these interactions is the least likely to be affected by denaturation at a liquid-liquid interface.,Understand,figshare_exam_questions,en
Describe the limitations of using ribozyme as a catalyst.,Understand,figshare_exam_questions,en
Describe the main disadvantage of palm oil with an indigenous broad melting interval ranging from -20 to 50°C. Refined palm oil is further processed to improve its marketable value. Discuss this process in relation to the secondary products from refined palm oil.,Understand,figshare_exam_questions,en
Describe the major clinical differences between visceral and somatic pain,Understand,figshare_exam_questions,en
Describe the major functions or roles of soil microbes that beneficially impact human health and welfare.,Understand,figshare_exam_questions,en
Describe the methodology of determining the transcriptional start site using RACE-PCR.,Understand,figshare_exam_questions,en
Describe the output of this program fragment:,Understand,figshare_exam_questions,en
Describe the principles of a coupled enzyme assay.,Understand,figshare_exam_questions,en
Describe the purposes of utilizing Building Information Modelling in the construction industry.,Understand,figshare_exam_questions,en
Describe the sender-initiated task transfer method that used in dynamic load balancing.,Understand,figshare_exam_questions,en
Describe the significance of concrete as a primary material in today's construction.,Understand,figshare_exam_questions,en
Describe the term 'urbanization' and discuss how urbanization influences the development of marketing and advertising strategies.,Understand,figshare_exam_questions,en
Describe the three (3) ways in which JIT and quality are related.,Understand,figshare_exam_questions,en
Describe the use of architecture drawings in construction.,Understand,figshare_exam_questions,en
Describe what goes in each of the four areas on the first page of notes,Understand,figshare_exam_questions,en
Describe what happened at...?,Understand,figshare_exam_questions,en
Describe what happens during the negative feedback loop of thermoregulation.,Understand,figshare_exam_questions,en
Describe what hydraulic engineering is in your own words showing concrete examples.,Understand,figshare_exam_questions,en
Describe what took place as the Hato was sinking.,Understand,figshare_exam_questions,en
Describe whether the soil is contaminated or polluted.,Understand,figshare_exam_questions,en
Describe “mechanism-based inhibitors”.,Understand,figshare_exam_questions,en
Detect error(s) in the following segment of codes and rewrite the codes with correction of the error(s).,Understand,figshare_exam_questions,en
Determine the author’s point of view,Understand,figshare_exam_questions,en
Determine the next number in a sequence,Understand,figshare_exam_questions,en
Dielectric films can be thermally grown or deposited. Discuss the fundamental difference between these two methods.,Understand,figshare_exam_questions,en
"Director independence is a pivotal element of corporate governance. Illustrate the requirements of ""Persons Connected with Directors"" as stipulated under Companies Act 2016 Section 197(1).",Understand,figshare_exam_questions,en
Discuss FIVE (5) advantages of IBS compared to conventional in situ concrete.,Understand,figshare_exam_questions,en
Discuss FIVE (5) factors that are most likely to influence the effectiveness of upward communication.,Understand,figshare_exam_questions,en
Discuss FIVE (5) main differences between aims and learning outcomes.,Understand,figshare_exam_questions,en
"Discuss FIVE (5) principles that are central to relational leadership by Komives, Lucas and McMahon (1998). Provide ONE (1) example for each principle.",Understand,figshare_exam_questions,en
Discuss FIVE (5) stages of crisis management. Provide your discussion with ONE (1) appropriate example for each stage.,Understand,figshare_exam_questions,en
Discuss FIVE (5) types of “Non Destructive Test equipment and how they can be used to aid the sensory indicators of building defects.,Understand,figshare_exam_questions,en
Discuss FOUR (4) common modern construction problems to anticipate.,Understand,figshare_exam_questions,en
Discuss FOUR (4) economic roles of money market.,Understand,figshare_exam_questions,en
Discuss FOUR (4) factors affecting exchange rate in the long run.,Understand,figshare_exam_questions,en
Discuss FOUR (4) key components that involve in explaining an organizational crisis. Explain your answer with an example for each component.,Understand,figshare_exam_questions,en
Discuss FOUR (4) reasons why Capital Asset Pricing Model (CAPM) is not the best model to estimate returns.,Understand,figshare_exam_questions,en
Discuss FOUR (4) risks involved in trading US-dollar denominated crude palm oil futures contract (FUPO).,Understand,figshare_exam_questions,en
Discuss FOUR (4) tactics that can be used by a spokesperson to handle different types of questions from the media. Provide your discussions with an appropriate example for each tactic.,Understand,figshare_exam_questions,en
Discuss Individualism vs. Collectivism in Hofstede's Dimensions of Culture.,Understand,figshare_exam_questions,en
Discuss ONE (1) advantage and ONE (1) disadvantage of BASIC and FORM based authentication mechanisms.,Understand,figshare_exam_questions,en
Discuss ONE (1) limitation and benefit of duration.,Understand,figshare_exam_questions,en
Discuss POST and GET methods in relation to idempotent and non-idempotent requests in the context of bank industry.,Understand,figshare_exam_questions,en
Discuss SIX (6) considerations before choosing the foundation type.,Understand,figshare_exam_questions,en
Discuss THREE (3) consequences of technology on organizational communication. Provide ONE (1) relevant example for each answer.,Understand,figshare_exam_questions,en
Discuss THREE (3) differences between futures and forward contracts.,Understand,figshare_exam_questions,en
Discuss THREE (3) situations that necessitate the use of pile foundation.,Understand,figshare_exam_questions,en
Discuss THREE (3) types of anomalies associated with database tables that have not been normalized.,Understand,figshare_exam_questions,en
Discuss THREE mechanisms of vegetative reproduction that make certain weeds successful in establishment.,Understand,figshare_exam_questions,en
Discuss TWO (2) benefits of Java Servlets in web applications.,Understand,figshare_exam_questions,en
Discuss TWO (2) common methods of managing inventory adopted by manufacturing and retailing companies.,Understand,figshare_exam_questions,en
Discuss TWO (2) disadvantages of tokenism that is usually used to create a positive image of the system that the system is fair and without discrimination.,Understand,figshare_exam_questions,en
Discuss TWO (2) key differences between stock warrants and stock options.,Understand,figshare_exam_questions,en
Discuss TWO adverse consequences of using wetlands as recipients of irrigation wastewater.,Understand,figshare_exam_questions,en
Discuss TWO hypotheses for invasive plants to become successful outside of their native ranges.,Understand,figshare_exam_questions,en
Discuss any FOUR (4) elements which are embedded in Total Quality Management Programme.,Understand,figshare_exam_questions,en
Discuss any FOUR (4) underlying principles of lean manufacturing approach.,Understand,figshare_exam_questions,en
Discuss any THREE (3) advantages why digital video is preferred for video editing and post production.,Understand,figshare_exam_questions,en
Discuss any THREE (3) negative impacts of entertainment media to our society.,Understand,figshare_exam_questions,en
Discuss any THREE (3) ways by which an organization can benefit from e-commerce.,Understand,figshare_exam_questions,en
Discuss factors which could contribute to changes in the sugar compositions of cocoa beans during fermentation.,Understand,figshare_exam_questions,en
Discuss how curing can maintain quality and minimize decay of potato tubers in the postharvest stage.,Understand,figshare_exam_questions,en
Discuss how inverse kinematics helps in simplifying the task of animating jointed structures.,Understand,figshare_exam_questions,en
Discuss in detail the THREE (3) major asset allocation strategies in managing portfolio.,Understand,figshare_exam_questions,en
Discuss in details what Accounting Information Systems (AIS) is.,Understand,figshare_exam_questions,en
Discuss issues of defining “weeds”.,Understand,figshare_exam_questions,en
Discuss major tasks in data preprocessing.,Understand,figshare_exam_questions,en
Discuss political risk in the Political-Legal Environment of the Host Country.,Understand,figshare_exam_questions,en
Discuss some possible challenges that the bank may face in deploying data mining.,Understand,figshare_exam_questions,en
"Discuss the THREE (3) important fundamentals in basic economic concepts that are opportunity cost, efficient market and marginalism.",Understand,figshare_exam_questions,en
Discuss the THREE (3) levels of organizational culture outlined by Schein. Provide your discussion with an example for each level.,Understand,figshare_exam_questions,en
Discuss the TWO (2) steps of Crisis Management Performance (CMP) evaluation process. Provide an appropriate example for each step.,Understand,figshare_exam_questions,en
Discuss the actions of central bank towards monetary policy that will significantly influence Federal Funds Rate in short run.,Understand,figshare_exam_questions,en
"Discuss the adoption issues surrounding Facebook and internet, as well as their implications for e-marketers.",Understand,figshare_exam_questions,en
Discuss the advantages and disadvantages of using laccase-based de colorization treatment.,Understand,figshare_exam_questions,en
Discuss the advantages of FinFETS over planar MOSFETs.,Understand,figshare_exam_questions,en
Discuss the advantages of dynamic logic circuit compared to the conventional static combinational logic circuit.,Understand,figshare_exam_questions,en
Discuss the advantages of real-time data input and over batch processing in expenditure cycle.,Understand,figshare_exam_questions,en
Discuss the advantages of reducing the minimum feature size.,Understand,figshare_exam_questions,en
"Discuss the benefits of palm oil, in terms of versatility, diet-health relationship and sustainability.",Understand,figshare_exam_questions,en
Discuss the best practices to reduce construction demolition and waste for sustainability.,Understand,figshare_exam_questions,en
Discuss the biological factors that cause the deterioration of cut flowers.,Understand,figshare_exam_questions,en
Discuss the comparison between 'Quantitative Instruments' and 'Qualitative Instruments' of monetary policy.,Understand,figshare_exam_questions,en
Discuss the components that are integral to the internal control framework in a public listed company.,Understand,figshare_exam_questions,en
Discuss the differences between a stick diagram and an actual layout.,Understand,figshare_exam_questions,en
Discuss the disadvantages of LOCOS.,Understand,figshare_exam_questions,en
Discuss the disadvantages of timber flat roofs.,Understand,figshare_exam_questions,en
Discuss the factors that affect the stability of high-rise buildings.,Understand,figshare_exam_questions,en
Discuss the impact of advertising on children.,Understand,figshare_exam_questions,en
Discuss the implications of Efficient Market Hypothesis for Technician (Chartist) and Fundamentalist.,Understand,figshare_exam_questions,en
Discuss the importance of Philip Crosby's suggestion on “do it right the first time” by manufacturing company.,Understand,figshare_exam_questions,en
Discuss the importance of knowing herbicide families and mode of action.,Understand,figshare_exam_questions,en
"Discuss the importance of shikimate pathway, a primary metabolism pathway related to plant secondary metabolism.",Understand,figshare_exam_questions,en
Discuss the importance of soil structure in vegetable farms.,Understand,figshare_exam_questions,en
"Discuss the level of trust consumers place in digital media, and how that trust helps or hinders e-marketers.",Understand,figshare_exam_questions,en
Discuss the main objective of layout design rules.,Understand,figshare_exam_questions,en
Discuss the main purpose of quiet on-site observation technique.,Understand,figshare_exam_questions,en
Discuss the nature of socialism.,Understand,figshare_exam_questions,en
Discuss the negative effects of advertising on children.,Understand,figshare_exam_questions,en
Discuss the objectives and the provision of site security in a construction site.,Understand,figshare_exam_questions,en
Discuss the potential profit and loss for the long straddle.,Understand,figshare_exam_questions,en
Discuss the procedures of the non-suspended reinforced concrete ground floors construction.,Understand,figshare_exam_questions,en
Discuss the regulation of ATCase which is an allosteric enzyme.,Understand,figshare_exam_questions,en
Discuss the relationship between advertising and children.,Understand,figshare_exam_questions,en
Discuss the role of hydraulic engineering in the sustainable development and preservation.,Understand,figshare_exam_questions,en
Discuss the role of restriction and aggregation in reducing the quantity of data and obtaining useful information from a data warehouse.,Understand,figshare_exam_questions,en
Discuss the role of skimming and scanning as pre-reading activities.,Understand,figshare_exam_questions,en
Discuss the significance of genome studies in molecular medicine.,Understand,figshare_exam_questions,en
Discuss the significance of human genome project.,Understand,figshare_exam_questions,en
Discuss the significance of hydrophobicity plot in transmembrane protein research.,Understand,figshare_exam_questions,en
Discuss the types of building defects commonly found on reinforced concrete flat roof which lead to water leaking and concrete cancer and how their cause of defects are defined under ISO 6241.,Understand,figshare_exam_questions,en
Discuss the usefulness of HttpSessionActivationListener in web applications.,Understand,figshare_exam_questions,en
Discuss various practices to achieve maximum yield and production of crude palm oil.,Understand,figshare_exam_questions,en
Discuss what world-class producers do in regards to product or service design and process design.,Understand,figshare_exam_questions,en
"Discuss why physical weathering is more prevalent in dry, cool regions while chemical weathering is more prevalent in wet, hot regions.",Understand,figshare_exam_questions,en
Discuss why the fertility program for potted plants is different from field crops.,Understand,figshare_exam_questions,en
"Discuss, using appropriate examples, how OLAP operations would benefit in the credit card company.",Understand,figshare_exam_questions,en
Dopamine and glutamate have both been implicated as causes of schizophrenia. Discuss THREE (3) evidences each in relation to the dopamine and glutamate theories of schizophrenia.,Understand,figshare_exam_questions,en
Draw ONE (1) point perspective with TWO (2) geometrical forms.,Understand,figshare_exam_questions,en
Draw ONE (1) self-contained format and ONE (1) free form format of logo design.,Understand,figshare_exam_questions,en
Draw Production Possibilities Frontier and Trading Possibilities Frontier for Argentina and Mexico.,Understand,figshare_exam_questions,en
Draw Production Possibilities Frontier and Trading Possibilities Frontier for China and South Africa.,Understand,figshare_exam_questions,en
Draw Production Possibilities Frontier and Trading Possibilities Frontier for China and Thailand. Clearly label the total output before specialization and total output after trade in the diagrams.,Understand,figshare_exam_questions,en
Draw Production Possibilities Frontier and Trading Possibilities Frontier for Korea and Indonesia.,Understand,figshare_exam_questions,en
Draw TWO (2) logo design for food and beverage products.,Understand,figshare_exam_questions,en
Draw TWO (2) point perspectives with TWO (2) geometrical forms.,Understand,figshare_exam_questions,en
Draw a Picture Window layout design.,Understand,figshare_exam_questions,en
Draw a color wheel diagram with primary and secondary color.,Understand,figshare_exam_questions,en
Draw a comprehensive poster layout design for Visit Malaysia 2020 campaign. Provide a design rationale to support your idea.,Understand,figshare_exam_questions,en
Draw a diagram explaining how air pressure affects the weather.,Understand,figshare_exam_questions,en
Draw a diagram of the Intelligent System structure with detailed explanation.,Understand,figshare_exam_questions,en
Draw a diagram to illustrate the Edman degradation reaction in protein sequencing.,Understand,figshare_exam_questions,en
Draw a diagram to illustrate the Edman degradation reaction in protein sequencing. Describe some potential complications during Edman degradation protein sequencing.,Understand,figshare_exam_questions,en
Draw a flowchart that represents the following codes.,Understand,figshare_exam_questions,en
Draw a flowchart to accept a number and output its factorial.example 1: input 5 -> 5! = 5x4x3x2x1 -> output 120,Understand,figshare_exam_questions,en
Draw a front and back for business card layout.,Understand,figshare_exam_questions,en
"Draw a graph showing the demand curve faced by a perfectly competitive firm. On the same graph, draw the demand curve faced by a monopolistically competitive firm. Explain your reasoning for each curve.",Understand,figshare_exam_questions,en
Draw a pH denaturation profile for an enzyme. Explain what happens to the enzyme during pH denaturation.,Understand,figshare_exam_questions,en
Draw a poster layout design for Healthy Life Style.,Understand,figshare_exam_questions,en
Draw a table indicating purification fold and yield at each step.,Understand,figshare_exam_questions,en
"Draw a technology enhanced language learning classroom sketch for a grammar lesson with 10 low proficiency students, aged 13. You should include FIVE (5) basic technology facilities with label which are essential to the integration of technology in the classroom.",Understand,figshare_exam_questions,en
"Draw a technology enhanced language learning classroom sketch for a writing lesson with 12 high proficiency students, aged 10. You should include FIVE (5) basic technology facilities with label which are essential to the integration of technology in the classroom.",Understand,figshare_exam_questions,en
Draw a technology enhanced language learning classroom sketch for advanced level primary year 6 students. You should include FIVE (5) basic technology facilities with label which are essential to the integration of technology in the classroom.,Understand,figshare_exam_questions,en
Draw a technology enhanced language learning classroom sketch for low proficiency primary year 6 students. You should include FIVE (5) basic technology facilities with label which are essential to the integration of technology in the classroom.,Understand,figshare_exam_questions,en
Draw an expiry profit diagram for the GCB bank’s position.,Understand,figshare_exam_questions,en
Draw an image using light and shadow to describe form most closely simulates how we perceive forms in nature.,Understand,figshare_exam_questions,en
Draw and explain Nonaka's model of knowledge creation and transformation in detail.,Understand,figshare_exam_questions,en
Draw and label an activity temperature profile for mesophilic and thermophilic enzymes. Provide explanation to this phenomenon.,Understand,figshare_exam_questions,en
Draw and label the model of Karl Weick's Theory of Organizing.,Understand,figshare_exam_questions,en
Draw and label the typical heat denaturation curves for mesophilic and thermophilic enzymes.,Understand,figshare_exam_questions,en
Draw similar repetition and interval repetition.,Understand,figshare_exam_questions,en
"Draw the ""onion model that represents Schein's Model of Organizational Culture.",Understand,figshare_exam_questions,en
"Draw the band diagram of a reverse biased pn junction. With reference to the band diagram and charge carriers, explain why there is negligible current flow in the diode.",Understand,figshare_exam_questions,en
Draw the diagrams for a centralized database and a distributed database.,Understand,figshare_exam_questions,en
"Draw the energy band diagram of a pn junction. Label the depletion region and the electric field in the depletion region. For an unbiased junction, discuss the movement of majority and minority carriers and the resultant current that may arise at equillibrium.",Understand,figshare_exam_questions,en
Draw the energy band diagram of an 11-type semiconductor and explain how an electron-hole pair (EHP) is formed. State any assumptions you have made.,Understand,figshare_exam_questions,en
Draw the energy band diagram of an intrinsic Si and label the band gap energy.,Understand,figshare_exam_questions,en
Draw the energy band diagram of the doped semiconductor at 300 K.,Understand,figshare_exam_questions,en
Draw the energy band diagram of the pn junction.,Understand,figshare_exam_questions,en
Draw the hexapeptide Gly-Phe-Asp-Leu-Ala-Glu. Identify the formation of hydrogen bonding in an a-helix form of this hexapeptide.,Understand,figshare_exam_questions,en
Draw the market demand and supply curve.,Understand,figshare_exam_questions,en
Draw the ‘market demand' and 'supply curve'.,Understand,figshare_exam_questions,en
"Due to saturated domestic markets, large firms were looking for foreign countries for new customers. Explain why China has been choose as a new market.",Understand,figshare_exam_questions,en
E-mail marketing has evolved rapidly alongside the technological growth of the 21st century. Discuss FIVE (5) reasons why e-mail marketing is still a growth area in digital marketing.,Understand,figshare_exam_questions,en
Each of the FOUR (4) different historical perspectives have a unique outlook on Educational Technology and defines it in a slightly different way. List and discuss the FOUR (4) perspectives.,Understand,figshare_exam_questions,en
Elaborate FIVE (5) factors that will influence the demand and supply of a currency.,Understand,figshare_exam_questions,en
Elaborate FOUR (4) advantages of using Web 2.0 and 3.0 in teaching and learning.,Understand,figshare_exam_questions,en
Elaborate ONE (1) scenario where text would be more effective than audio and ONE (1) scenario where audio would be more effective than text in the passing out of data. Explain your answer.,Understand,figshare_exam_questions,en
Elaborate THREE (3) channels of the transmission process for monetary policy.,Understand,figshare_exam_questions,en
Elaborate in general how construction industry is managed by the government and in detail how a government strategy to improve the industry can be delivered effectively.,Understand,figshare_exam_questions,en
Elaborate on the design and production process including the rational and economic use of resources that influence the development of a building.,Understand,figshare_exam_questions,en
Elaborate on the importance of 'stability' for industrial enzymes.,Understand,figshare_exam_questions,en
Elaborate the objectives and basic design procedure of the foundation design of a building.,Understand,figshare_exam_questions,en
Elaborate the term of national income as used in building economics.,Understand,figshare_exam_questions,en
"Enzyme therapy is applied clinically to treat Gaucher disease. Describe the cause of the disease, the therapeutic enzyme and its function.",Understand,figshare_exam_questions,en
Enzymes are applied in the medical field based on their specific functions. List the THREE main areas of clinical enzymology and provide ONE example how enzymes are used in each area.,Understand,figshare_exam_questions,en
Eukaryotic genome is mostly repetitive DNA and non-coding sequences. Elaborate the statement.,Understand,figshare_exam_questions,en
Explain 3-Tier architecture in the context of Java Web Architecture at server side.,Understand,figshare_exam_questions,en
Explain 4P's of marketing.,Understand,figshare_exam_questions,en
Explain Eurocurrency and its market.,Understand,figshare_exam_questions,en
Explain FIVE (5) advantages of out-of-home (OOH) advertising.,Understand,figshare_exam_questions,en
"Explain FIVE (5) causes of ""glass ceiling by providing a relevant example for each cause.",Understand,figshare_exam_questions,en
Explain FIVE (5) characteristics of Industrialised Building System (IBS) in construction.,Understand,figshare_exam_questions,en
Explain FIVE (5) characteristics of social media.,Understand,figshare_exam_questions,en
Explain FIVE (5) characteristics of the construction sector.,Understand,figshare_exam_questions,en
Explain FIVE (5) disadvantages of out-of-home (OOH) advertising.,Understand,figshare_exam_questions,en
Explain FIVE (5) key components of organization crisis definition.,Understand,figshare_exam_questions,en
Explain FIVE (5) phases of graphic design process.,Understand,figshare_exam_questions,en
Explain FIVE (5) reasons for the importance of global markets to marketers.,Understand,figshare_exam_questions,en
Explain FIVE (5) ways that can be practiced by the organization to communicate during the crisis.,Understand,figshare_exam_questions,en
Explain FOUR (4) advantages of using multimedia in classroom.,Understand,figshare_exam_questions,en
Explain FOUR (4) benefits of mutual fund investment.,Understand,figshare_exam_questions,en
Explain FOUR (4) benefits of using Digital-Out-Of-Home in advertising.,Understand,figshare_exam_questions,en
Explain FOUR (4) categories of unintentional crisis. Provide your answer with an appropriate example for each category.,Understand,figshare_exam_questions,en
Explain FOUR (4) criteria of instructional materials by Tomlinson (2001).,Understand,figshare_exam_questions,en
Explain FOUR (4) factors in the Globalization of Financial Markets.,Understand,figshare_exam_questions,en
Explain FOUR (4) major forces which move water into wall claddings and measures to be taken to eliminate these problems. You are required to include illustrations in your explanation.,Understand,figshare_exam_questions,en
Explain FOUR (4) off-balance-sheet banking activities which are important but not recorded in a bank's balance sheet.,Understand,figshare_exam_questions,en
Explain FOUR (4) process strategies you have learned.,Understand,figshare_exam_questions,en
Explain FOUR (4) types of process design that could be found in manufacturing companies.,Understand,figshare_exam_questions,en
Explain FOUR (4) types of unemployment.,Understand,figshare_exam_questions,en
Explain THREE (3) advantages of MVC (Model View Controller) pattern in developing web applications.,Understand,figshare_exam_questions,en
Explain THREE (3) advantages of using aluminium to fabricate roof gutter.,Understand,figshare_exam_questions,en
Explain THREE (3) benefits of JDBC pooling m the context of database connection.,Understand,figshare_exam_questions,en
Explain THREE (3) broad categories of e-commerce with examples.,Understand,figshare_exam_questions,en
Explain THREE (3) categories of treatment to enhance the durability of timber.,Understand,figshare_exam_questions,en
Explain THREE (3) conditions where cantilever scaffolding is applied.,Understand,figshare_exam_questions,en
Explain THREE (3) data collection challenges in advertising research.,Understand,figshare_exam_questions,en
Explain THREE (3) differences of Red Green Blue (RGB) and Cyan Magenta Yellow (CMY).,Understand,figshare_exam_questions,en
Explain THREE (3) difficulties in calculating national income accounting.,Understand,figshare_exam_questions,en
Explain THREE (3) purposes of architectural drawings to architects and other parties in the construction team.,Understand,figshare_exam_questions,en
Explain THREE (3) reasons why AD curve is downward sloping.,Understand,figshare_exam_questions,en
Explain THREE (3) waves of globalisation.,Understand,figshare_exam_questions,en
Explain TWO (2) components of art.,Understand,figshare_exam_questions,en
Explain TWO (2) defects which are usually occur on the surface of finished concrete.,Understand,figshare_exam_questions,en
Explain TWO characteristics of rich media.,Understand,figshare_exam_questions,en
Explain TWO theories of causal attribution that was proposed by Jones and Davis (1965) and Kelley (1972).,Understand,figshare_exam_questions,en
Explain about interactive multimedia.,Understand,figshare_exam_questions,en
Explain all the elements of multimedia with examples.,Understand,figshare_exam_questions,en
Explain any FOUR (4) product design strategies that could help company to reduce cost.,Understand,figshare_exam_questions,en
Explain any FOUR (4) product design strategies you have learned. Evaluate the importance of each strategy.,Understand,figshare_exam_questions,en
Explain briefly 'designer' and 'professional designer'.,Understand,figshare_exam_questions,en
Explain briefly FIVE (5) strategies for effective packaging design.,Understand,figshare_exam_questions,en
Explain briefly how the aggregation processes could improve the water quality in a water treatment plant.,Understand,figshare_exam_questions,en
Explain briefly the design development process.,Understand,figshare_exam_questions,en
Explain briefly the effectiveness of advertising based on strategy concept.,Understand,figshare_exam_questions,en
Explain briefly the media usage in advertising effectiveness.,Understand,figshare_exam_questions,en
Explain creative brief.,Understand,figshare_exam_questions,en
Explain different approaches used in hydraulic engineering to achieve its objectives by giving examples.,Understand,figshare_exam_questions,en
Explain distributive bargaining and integrative bargaining.,Understand,figshare_exam_questions,en
Explain formal network.,Understand,figshare_exam_questions,en
Explain how RFID provides value to businesses.,Understand,figshare_exam_questions,en
Explain how RequestDispatcher mechanism in the context of Servlet and JSP technology has the ability to facilitate updating and maintaining information on job advertisements across several dynamic web pages.,Understand,figshare_exam_questions,en
Explain how Timothy saved Phillip's life.,Understand,figshare_exam_questions,en
Explain how a Close method behaves differently for a modelessform (using the show method) compared to a modal form (using the showdialog method).,Understand,figshare_exam_questions,en
Explain how auction is related to dynamic pricing.,Understand,figshare_exam_questions,en
Explain how changes in amino acid ionization states could affect the catalytic activity of an enzyme.,Understand,figshare_exam_questions,en
Explain how competitive and uncompetitive inhibitors will affect enzymatic reactions.,Understand,figshare_exam_questions,en
Explain how e-mail agents work.,Understand,figshare_exam_questions,en
Explain how human capital can lead to economic growth.,Understand,figshare_exam_questions,en
Explain how instructional materials can facilitate the teaching and learning process. Give ONE (1) example.,Understand,figshare_exam_questions,en
"Explain how the Utilize technology, media and materials stage in ASSURE model can help creating a more effective teaching and learning environment.",Understand,figshare_exam_questions,en
Explain how the affinity of hemoglobin for oxygen is regulated.,Understand,figshare_exam_questions,en
Explain how the future of social media can be explained by Web 3.0.,Understand,figshare_exam_questions,en
Explain how the heart is like a pump.,Understand,figshare_exam_questions,en
Explain how the increment or decrement operators affect the result of p.,Understand,figshare_exam_questions,en
"Explain how the ionic, metallic, covalent, and mixed states solids are formed. Give an example of each solid and compare the electrical conductivity of the four types of solid.",Understand,figshare_exam_questions,en
Explain how transactions are audited in an electronic data interchange environment.,Understand,figshare_exam_questions,en
Explain how you would implement delete schedule functionality in effective manner.,Understand,figshare_exam_questions,en
Explain important features and characteristics of the flows encountered in hydraulic engineering compared with cases in other fluid engineering.,Understand,figshare_exam_questions,en
Explain in detail the Maslow Hierarchy of Needs.,Understand,figshare_exam_questions,en
Explain in detail the chemisorptions of ammonia. Focus only on molecular adsorption of ammonia on a solid surface at low temperature.,Understand,figshare_exam_questions,en
"Explain in detail the chemisorptions of hydrocarbon (eg. alkene, alkyne etc). Focus only on molecular adsorption of hydrocarbon on solid surface at low temperature.",Understand,figshare_exam_questions,en
Explain in details FIVE (5) ways to make a brand name effective.,Understand,figshare_exam_questions,en
Explain in one sentence what the method incFromN does,Understand,figshare_exam_questions,en
Explain in one's own words how to create a query in a database.,Understand,figshare_exam_questions,en
Explain in your own words what a recessive gene is.,Understand,figshare_exam_questions,en
Explain in your own words what do you mean by the term economics?,Understand,figshare_exam_questions,en
Explain in your own words what is meant by mercantilism.,Understand,figshare_exam_questions,en
Explain k-means and k-medoids methods in the respect of robustness in the context of clustering analysis.,Understand,figshare_exam_questions,en
Explain on Brand Piracy.,Understand,figshare_exam_questions,en
Explain on global and local approach in coordinating and controlling the international advertising.,Understand,figshare_exam_questions,en
Explain on multimedia delivering on World Wide Web.,Understand,figshare_exam_questions,en
Explain on the advantages of switching from a flat-file processing system to a database management system.,Understand,figshare_exam_questions,en
"Explain one (1) major advantage, and one (1) major disadvantage, of a fixed period system.",Understand,figshare_exam_questions,en
Explain the CRM implementation in Chola MS.,Understand,figshare_exam_questions,en
Explain the FIVE (5) procedures which need to be documented during the site inspection.,Understand,figshare_exam_questions,en
Explain the FIVE (5) stages of organizational conflict according to Pondy's (1967) model.,Understand,figshare_exam_questions,en
Explain the FOUR (4) roles of media during a crisis. Support your explanation with an appropriate example for each role.,Understand,figshare_exam_questions,en
Explain the Mandatory of Product Adaptation.,Understand,figshare_exam_questions,en
Explain the SIX (6) power bases that determine effective leadership. Provide an example for each of the answers.,Understand,figshare_exam_questions,en
Explain the Securities Act of 1933 and the Securities Exchange Act of 1934.,Understand,figshare_exam_questions,en
Explain the THREE (3) processes of forming a public opinion. Provide your answers with an example for each process.,Understand,figshare_exam_questions,en
Explain the TWO main factors that could affect enzyme catalytic efficiency.,Understand,figshare_exam_questions,en
"Explain the WMA, AVI, and QuickTime video format.",Understand,figshare_exam_questions,en
Explain the activities involved in the building process.,Understand,figshare_exam_questions,en
Explain the anti-advertising consumer organizations culture.,Understand,figshare_exam_questions,en
Explain the basic concepts in construction economics as introduced by Myers (2017).,Understand,figshare_exam_questions,en
Explain the benefits of Secure Sockets Layer (SSL) in the context of web security.,Understand,figshare_exam_questions,en
Explain the causes of historical events,Understand,figshare_exam_questions,en
Explain the change in conductivity for a metal and an intrinsic semiconductor as temperature increases.,Understand,figshare_exam_questions,en
Explain the communicative property.,Understand,figshare_exam_questions,en
Explain the concept for the nature of building characteristics.,Understand,figshare_exam_questions,en
Explain the concept of Customer Relationship Management (CRM).,Understand,figshare_exam_questions,en
Explain the concept of Java Bean with an appropriate example and code snippets in the context of Servlet and JSP technology.,Understand,figshare_exam_questions,en
Explain the concept of clicks-and-bricks model in e-commerce.,Understand,figshare_exam_questions,en
Explain the concept of narrowing conversion. Indicate in code how the conversion is done.,Understand,figshare_exam_questions,en
"Explain the concept of price leadership observed under the condition of oligopoly, by using graphs.",Understand,figshare_exam_questions,en
Explain the conceptual design process.,Understand,figshare_exam_questions,en
Explain the conditions where underpinning are usually considered for an existing building construction works.,Understand,figshare_exam_questions,en
Explain the consideration of pricing objectives in marketing mix.,Understand,figshare_exam_questions,en
Explain the creation of an electron-hole pair in an intrinsic Si semiconductor at room temperature by using the covalent bonding picture.,Understand,figshare_exam_questions,en
Explain the development process for a building construction.,Understand,figshare_exam_questions,en
Explain the differences between ethical dilemma and ethical lapse.,Understand,figshare_exam_questions,en
Explain the differences between forward and futures contract.,Understand,figshare_exam_questions,en
Explain the differences between volatile and non-volatile storage.,Understand,figshare_exam_questions,en
"Explain the double meaning the author attributes to the term ""successive action descriptions""",Understand,figshare_exam_questions,en
Explain the effect of stereotyping young teenage in advertising on society.,Understand,figshare_exam_questions,en
Explain the function of International Monetary Fund (IMF).,Understand,figshare_exam_questions,en
Explain the functional advantages provided by enzymes with a quaternary structure.,Understand,figshare_exam_questions,en
Explain the idea of MIDI file format in storing and playback of audio data.,Understand,figshare_exam_questions,en
Explain the impact of 'connection keep-alive' or persistence connection in the context of request response model on performance of sending response to clients.,Understand,figshare_exam_questions,en
Explain the impact of using SendRedirect method in terms of response time.,Understand,figshare_exam_questions,en
Explain the importance of using initial rate to determine enzymatic activity.,Understand,figshare_exam_questions,en
Explain the importance of using initial velocity to study enzymatic catalysis.,Understand,figshare_exam_questions,en
Explain the importance of visual in a poster design.,Understand,figshare_exam_questions,en
Explain the main difference between uncompetitive and noncompetitive inhibitors.,Understand,figshare_exam_questions,en
Explain the main purpose of LOCOS.,Understand,figshare_exam_questions,en
Explain the marginal cost relationship with average variable cost (AVC) and average total cost (ATC). Support your answer by using an appropriate diagram.,Understand,figshare_exam_questions,en
Explain the meaning of creative brief.,Understand,figshare_exam_questions,en
"Explain the meaning of the law of diminishing marginal returns. Briefly describe the relationship between total product (TP) and marginal product (MP), marginal product (MP) and average product (AP).",Understand,figshare_exam_questions,en
Explain the method of monitoring inventory levels in retails stores.,Understand,figshare_exam_questions,en
"Explain the microbe-related coupling of carbon, nitrogen, and oxygen in a lake that is experiencing a sudden bloom of cyanobacteria due to anthropogenic fertilizer inputs.",Understand,figshare_exam_questions,en
Explain the packaging and labeling decisions.,Understand,figshare_exam_questions,en
Explain the physical meaning of transconductance.,Understand,figshare_exam_questions,en
Explain the possible flow patterns in the culvert depending on the level of the rain water in the car park and the drain channel.,Understand,figshare_exam_questions,en
Explain the possible uses described in class for the space to the left of the vertical line.,Understand,figshare_exam_questions,en
Explain the price discriminations that associated with monopoly.,Understand,figshare_exam_questions,en
Explain the principle of ultrasonography in pregnancy diagnosis for farm animals.,Understand,figshare_exam_questions,en
Explain the process (paraphrase) for finding the perimeter of a rectangular garden,Understand,figshare_exam_questions,en
Explain the process of consumer perception and provide ONE (1) example to support your explanation.,Understand,figshare_exam_questions,en
Explain the process of ideas generation.,Understand,figshare_exam_questions,en
Explain the processing of eukaryotic mRNA transcripts prior to translation. Indicate the chemical bases for each step.,Understand,figshare_exam_questions,en
Explain the profit and loss for Alice and GCB bank.,Understand,figshare_exam_questions,en
Explain the psychological factors which influence consumer behavior.,Understand,figshare_exam_questions,en
Explain the purpose of human communication process.,Understand,figshare_exam_questions,en
Explain the purposes of scaling.,Understand,figshare_exam_questions,en
"Explain the reason why it is not necessary to include product cost (price or price times quantity) in the EOQ model, but the quantity discount model requires the inclusion of product cost.",Understand,figshare_exam_questions,en
Explain the reasons of using a mixed-media approach by advertisers.,Understand,figshare_exam_questions,en
Explain the reasons of using application servers to deploy web applications.,Understand,figshare_exam_questions,en
Explain the relationship between HTTP GET method and URL Rewriting in the context of session management.,Understand,figshare_exam_questions,en
Explain the relationship between bond price and market interest rate using the bond pricing formula.,Understand,figshare_exam_questions,en
Explain the relationship between data warehouse and data mining.,Understand,figshare_exam_questions,en
Explain the role of mesofauna in the decay of fresh organic matter.,Understand,figshare_exam_questions,en
Explain the significance of the position of rubber-synthesizing cis prenyltransferases in the structure of a rubber particle.,Understand,figshare_exam_questions,en
Explain the solum treatment used in the floor construction.,Understand,figshare_exam_questions,en
Explain the term inflation as used in building economics.,Understand,figshare_exam_questions,en
Explain the term “level scheduling'.,Understand,figshare_exam_questions,en
"Explain the trading behavior of hedger, speculator and arbitrageur.",Understand,figshare_exam_questions,en
Explain the types of construction excavation.,Understand,figshare_exam_questions,en
Explain the underlying assumptions of the price-leadership model by using appropriate diagrams.,Understand,figshare_exam_questions,en
Explain the use of scaffolding in construction.,Understand,figshare_exam_questions,en
Explain the whole method of crushing,Understand,figshare_exam_questions,en
Explain three (3) lean techniques that work in both the manufacturing and service sector.,Understand,figshare_exam_questions,en
Explain three (3) ways in which JIT and quality are related.,Understand,figshare_exam_questions,en
Explain types of price discriminations.,Understand,figshare_exam_questions,en
Explain what a junk bond is and its role in the financial market.,Understand,figshare_exam_questions,en
Explain what a poem means.,Understand,figshare_exam_questions,en
Explain what is a datum level as used in site surveying for a building project.,Understand,figshare_exam_questions,en
Explain what is happening in the first picture of the story.,Understand,figshare_exam_questions,en
Explain what is happening...,Understand,figshare_exam_questions,en
Explain what is meant by occlusion and discuss the ability of chain coding to cope with occlusion.,Understand,figshare_exam_questions,en
Explain what is meant by the term Interactivity.,Understand,figshare_exam_questions,en
Explain what is meant.,Understand,figshare_exam_questions,en
"Explain what the author means by the statement ""our intellectual powers are geared to master static relations.",Understand,figshare_exam_questions,en
Explain whether using women as sexual objects can grab the viewer's attention and lend to interest to a product or service.,Understand,figshare_exam_questions,en
Explain why Servlet technology is better than the Common Gateway Interface CGI.,Understand,figshare_exam_questions,en
Explain why VLE could be better than RLE for this case.,Understand,figshare_exam_questions,en
Explain why a 30-second video clip (containing 25 frames per second) will occupy less disk space than 750 JPEG images of the same size.,Understand,figshare_exam_questions,en
Explain why a less experienced multimedia developer (including non-programmers) always opts for multimedia authoring tools to easily create an interactive application.,Understand,figshare_exam_questions,en
Explain why a sustained inflation is a purely monetary phenomenon and cannot exist without the cooperation of the Bank Negara Malaysia (BNM).,Understand,figshare_exam_questions,en
"Explain why bogs are considered to be a ""carbon sink"".",Understand,figshare_exam_questions,en
Explain why contango and backwardation happen in the commodity market.,Understand,figshare_exam_questions,en
Explain why hazard identification in the case of pathogens is complicated.,Understand,figshare_exam_questions,en
Explain why higher rates of nitrogen might be required for no tillage compared to conventional tillage.,Understand,figshare_exam_questions,en
Explain why it is important for the width of the base quasineutral region to be small compared to the minority carrier diffusion length in the operation of a BJT.,Understand,figshare_exam_questions,en
Explain why lossy compression gives better compression.,Understand,figshare_exam_questions,en
Explain why mycorrhizal fungi are important for phosphorus availability in soil.,Understand,figshare_exam_questions,en
Explain why the electrical conductivity of a semiconductor is higher than an insulator by using the energy band diagram.,Understand,figshare_exam_questions,en
Explain why the intrinsic carrier concentration of Ge is higher than Si at T = 300 K.,Understand,figshare_exam_questions,en
Explain why the story has the title that it does.,Understand,figshare_exam_questions,en
Explain with an energy band diagram how an electron-hole pair (EHP) is formed in a semiconductor.,Understand,figshare_exam_questions,en
"Explain, using appropriate examples, FIVE (5) possible sources of data pollution in implementing data warehouse in the bank.",Understand,figshare_exam_questions,en
Express the following percentages as fractions in simplest form,Understand,figshare_exam_questions,en
Express the following systems in matrix form,Understand,figshare_exam_questions,en
Express the rule in function notation,Understand,figshare_exam_questions,en
Express your opinion of 'Drugs in Sport' through poetry.,Understand,figshare_exam_questions,en
Find the errors and rewrite the corrected codes.,Understand,figshare_exam_questions,en
Find the reverse bias saturation current.,Understand,figshare_exam_questions,en
Find the velocity and wavelength of the electron.,Understand,figshare_exam_questions,en
"For any points which fall exactly on the curve, explain the combination of production for steel and bricks.",Understand,figshare_exam_questions,en
"For any points which fall outside the curve, explain the combination of production for steel and bricks.",Understand,figshare_exam_questions,en
"For any points which fall under the curve, explain the combination of production for steel and bricks.",Understand,figshare_exam_questions,en
"For international marketers, economic factors are important. Explain why economic factors are important to them.",Understand,figshare_exam_questions,en
From a blueprint to describe the article depicted.,Understand,figshare_exam_questions,en
GenBank offers a few options for nucleotide sequence submissions. Name TWO available options and when are they used.,Understand,figshare_exam_questions,en
Give FIVE (5) differences between GIF and SWF.,Understand,figshare_exam_questions,en
Give FIVE (5) differences between the bitmapped image and vector graphics.,Understand,figshare_exam_questions,en
"Give FIVE (5) examples of how a song can enhance a literature class, with an elaboration for each example given.",Understand,figshare_exam_questions,en
Give FOUR information that can be obtained from Scanning Electron Miscroscope (SEM).,Understand,figshare_exam_questions,en
Give ONE common crossbreed for porker production in Malaysia and name the state in Peninsular Malaysia that has the highest production rate.,Understand,figshare_exam_questions,en
Give ONE example of aspartic protease. Describe the mechanism of aspartic protease in relation to how pH affects its activity.,Understand,figshare_exam_questions,en
Give THREE (3) examples of common uses of standby letter of credit.,Understand,figshare_exam_questions,en
Give THREE disadvantages of X-Ray Photoelectron Spectroscopy (XPS).,Understand,figshare_exam_questions,en
Give THREE examples of symptoms that resemble herbicide damage on plants.,Understand,figshare_exam_questions,en
Give TWO (2) differences between Unicode and IS0-8859 text encoding formats.,Understand,figshare_exam_questions,en
Give TWO (2) examples how intrinsic reliability failure occurs in ICs.,Understand,figshare_exam_questions,en
Give TWO advantages of X-Ray Photoelectron Spectroscopy (XPS).,Understand,figshare_exam_questions,en
Give TWO disadvantages of Transmission Electron Microscopy (TEM).,Understand,figshare_exam_questions,en
Give TWO examples how breeding is similar to natural selection.,Understand,figshare_exam_questions,en
Give TWO examples of natural and artificial means of the seed dispersal of weeds respectively.,Understand,figshare_exam_questions,en
Give TWO functions of egg yolks in mayonnaise production.,Understand,figshare_exam_questions,en
Give TWO methods to measure the surface coverage.,Understand,figshare_exam_questions,en
Give an example of trait and phenotype to describe a Belgian Blue.,Understand,figshare_exam_questions,en
Give the appropriate formula to calculate the kinetic energy of sodium.,Understand,figshare_exam_questions,en
Give the appropriate formula to calculate the velocity of the sedimentation.,Understand,figshare_exam_questions,en
Give the difference between parameter and formal parameter.,Understand,figshare_exam_questions,en
Give the enzyme group number and name for acetylcholine esterase. Describe the non-covalent interactions used by acetylcholine esterase for substrate binding.,Understand,figshare_exam_questions,en
"Given a graph of production trends in automobiles, describe what the graph represents in a memo to your boss.",Understand,figshare_exam_questions,en
"Given these five corrosion inhibitors, V, W, X, Y, Z, identify which are passivators",Understand,figshare_exam_questions,en
Glass is known to have good qualities and properties related to thermal and sound insulations. Discuss the application of glass in the construction of green building.,Understand,figshare_exam_questions,en
Hersey and Blanchard (1977) style of leadership specifies that a leader's behavior corresponds to employees' level of maturity. Explain the FOUR (4) styles of Situational Leadership and support your answer with an example for each of the styles on whom they should be applied in an organization.,Understand,figshare_exam_questions,en
Highlight THREE (3) differences between bitmap images and vector graphics.,Understand,figshare_exam_questions,en
Highlight the differences between an equilibrium in dominant strategy as compared to Nash equilibrium.,Understand,figshare_exam_questions,en
Highlight the importance of bioinformatics analysis in genomic studies.,Understand,figshare_exam_questions,en
Highlight the important issues discussed in Greenbury Report 1995.,Understand,figshare_exam_questions,en
How can you describe _____________?,Understand,figshare_exam_questions,en
How can you explain what is meant ...?,Understand,figshare_exam_questions,en
How would you classify the geographic location of your school,Understand,figshare_exam_questions,en
How would you classify the type of ...?,Understand,figshare_exam_questions,en
How would you compare SAS with the Visual Basic Application and SPSS for the processing and analysis of mainframe data,Understand,figshare_exam_questions,en
How would you express ________________?,Understand,figshare_exam_questions,en
IBS components can be divided into five broad categories. Briefly describe with examples all FIVE (5) categories.,Understand,figshare_exam_questions,en
Identify FIVE (5) lists giving advices of how organization can cominunicate with the public during the crisis. Explain your answer with ONE (1) example for each advice given.,Understand,figshare_exam_questions,en
Identify FIVE (5) points on how social media can be utilized by the organization during a crisis. Elaborate your answers with explanation for each point.,Understand,figshare_exam_questions,en
Identify FIVE (5) strategies to make hypermarket retail layout to be more attractive in responding to customers' various shopping behaviors.,Understand,figshare_exam_questions,en
Identify FOUR (4) factors that affect the willingness of people to perform prosocial behaviors.,Understand,figshare_exam_questions,en
Identify FOUR (4) major crisis variables in organizing and analyzing crisis evolution data. Support your answer with explanation and ONE (1) example for each variable.,Understand,figshare_exam_questions,en
Identify FOUR (4) statements should be avoided by spokesperson as the representative of an organization during a press conference. Elaborate your answer with an example for each statement.,Understand,figshare_exam_questions,en
Identify FOUR (4) types of key publics that McDonald's Malaysia has to notify about the crisis. Explain your answer with appropriate example for each of the publics.,Understand,figshare_exam_questions,en
Identify THREE (3) building related statutory laws in Malaysia.,Understand,figshare_exam_questions,en
Identify THREE (3) possible threats you should anticipate for this Internet-based business.,Understand,figshare_exam_questions,en
Identify THREE (3) types of mortar used in wall construction.,Understand,figshare_exam_questions,en
Identify THREE (3) types of securities that are issued by Malaysian government. Explain each in detail.,Understand,figshare_exam_questions,en
Identify TWO (2) functions of crisis communication that must be addressed when communicating with internal stakeholder during a crisis. Explain your answer with an exarnple for each function.,Understand,figshare_exam_questions,en
Identify TWO (2) types of personality that are relevant to aggression.,Understand,figshare_exam_questions,en
Identify and correct the error(s) in the following statements.,Understand,figshare_exam_questions,en
Identify and describe THREE (3) difficulties in calculating national income accounting.,Understand,figshare_exam_questions,en
Identify and describe the FOUR (4) criteria for judging economic outcomes.,Understand,figshare_exam_questions,en
Identify and discuss THREE (3) issues on employee productivity problems that companies face.,Understand,figshare_exam_questions,en
Identify and elaborate FOUR (4) determinants of an option's premium.,Understand,figshare_exam_questions,en
Identify and explain FIVE (5) countries that ban advertising to children.,Understand,figshare_exam_questions,en
Identify and explain the possible consequences of connecting a database with a web application without using database pooling method.,Understand,figshare_exam_questions,en
Identify any THREE (3) practical examples for partial views of innovation and discuss the consequences for each of the example.,Understand,figshare_exam_questions,en
Identify any TWO (2) product design strategies you have learned. Explain how both strategies could be useful for instant respond to customer demand.,Understand,figshare_exam_questions,en
Identify any TWO (2) specific problems of the traditional hierarchical structures in response to the need to better manage knowledge.,Understand,figshare_exam_questions,en
Identify the advantages and disadvantages of in situ and ex situ means of remediating polluted soils.,Understand,figshare_exam_questions,en
Identify the key enzymes and explain their roles in fatty acid biosynthesis that contribute to the unique fatty acid composition of palm mesocarp oil.,Understand,figshare_exam_questions,en
Identify the key points in the text,Understand,figshare_exam_questions,en
Identify the role of advertising in global women's magazines and local women's magazine.,Understand,figshare_exam_questions,en
Identify the type of crisis based on time as a critical variable.,Understand,figshare_exam_questions,en
Identify three mistakes from the passage and correct them.,Understand,figshare_exam_questions,en
Identify whether the firm is in the short-run or long-run equilibrium. Explain.,Understand,figshare_exam_questions,en
Identify which country has an absolute advantage and comparative advantage in the production of pizza and cloth.,Understand,figshare_exam_questions,en
"If an electron in a hydrogen atom jumps from the first excited state to ground state, find the wavelength of the photon emitted.",Understand,figshare_exam_questions,en
Igneous rock can be formed either underground or above ground. Elaborate.,Understand,figshare_exam_questions,en
Illustrate Blake and Mouton's Managerial Grid leadership styles using a diagram. Explain each of the management style identified.,Understand,figshare_exam_questions,en
Illustrate SIX processes that occur in the hydrological cycle.,Understand,figshare_exam_questions,en
Illustrate TWO (2) Implications for International Advertisers,Understand,figshare_exam_questions,en
Illustrate and explain how perfect competitive firms adjust in long-run if they are enjoying positive economic profit in short-run.,Understand,figshare_exam_questions,en
Illustrate by using a real life example on explicit knowledge.,Understand,figshare_exam_questions,en
"Illustrate by using a real life example on the possible relationship between data, information and knowledge.",Understand,figshare_exam_questions,en
Illustrate by using appropriate diagram(s) the effects of the most commonly and the least used monetary policy tool on the market interest rate if the central bank implements the expansionary monetary policy.,Understand,figshare_exam_questions,en
Illustrate each of these situations with TWO (2) real-life examples.,Understand,figshare_exam_questions,en
Illustrate the THREE (3) advantages of silicon over germanium.,Understand,figshare_exam_questions,en
Illustrate the advantages of plastic material and its applications in construction.,Understand,figshare_exam_questions,en
Illustrate the needs of timber preservation and the techniques.,Understand,figshare_exam_questions,en
Illustrate the stages of product approach of teaching ESL writing. Use appropriate examples.,Understand,figshare_exam_questions,en
"Illustrate this caption: ""Olympic as a Media Event in the Information Society""",Understand,figshare_exam_questions,en
Illustrate type driven layout design for a poster.,Understand,figshare_exam_questions,en
Illustrate what you think the main idea was.,Understand,figshare_exam_questions,en
"Illustrate with a drawing the biochemical pathway for natural rubber biosynthesis, beginning with acetyl CoA.",Understand,figshare_exam_questions,en
"Illustrate with a labeled drawing the pathway of sulfate assimilation in leaf mesophyll cells. In your answer, describe how sulfate is transported from the root to leaf cells, the energy requirements of sulfate assimilation, and the fate of unassimilated sulfate.",Understand,figshare_exam_questions,en
"Illustrate with a labelled drawing the pathway of nitrate assimilation in leaf mesophyll cells. In your answer, discuss the origin of nitrate that is available to the mesophyll cells, the energy requirements of nitrate assimilation, the end products, and the fate of unassimilated nitrate.",Understand,figshare_exam_questions,en
Illustrate with example the FOUR (4) advantages of photography.,Understand,figshare_exam_questions,en
Illustrate your understanding for oligopoly competition and monopolistic competition using ONE (1) real life example for each.,Understand,figshare_exam_questions,en
Immobilization enables industrial enzymes to be used repeatedly. List THREE advantages of immobilized enzyme and give an example of large scale application of immobilized enzyme in industry.,Understand,figshare_exam_questions,en
"In a BJT, the width of the base quasineutral region has to be small compared to the minority carrier diffusion length. Explain why this is important",Understand,figshare_exam_questions,en
In a building there is always concern with fire safety. List what aspects you would assess in order to achieve strict compliance in the building design.,Understand,figshare_exam_questions,en
"In a table form, state the advantages and disadvantages of X-ray crystallography and nuclear magnetic resonance in elucidating the three dimensional structure of proteins.",Understand,figshare_exam_questions,en
"In a table, list EIGHT differences between GenBank and RefSeq DNA sequences.",Understand,figshare_exam_questions,en
"In about 70 words, explain how the different components function in language learning.",Understand,figshare_exam_questions,en
"In all analysis methods, the effects of turbulence have to be modeled unless all the scales of motion are represented explicitly as in Direct Numerical Simulation (DNS). Explain why it is not practical to analyze flows in practical hydraulic engineering by DNS.",Understand,figshare_exam_questions,en
"In computational methods of analyzing flows in rivers and channels, effects of turbulence are reflected in different ways depending on how the flow is modelled. Give examples of these models and explain the advantages and shortcomings.",Understand,figshare_exam_questions,en
"In general, there are four broad categories of innovation which include product innovation. Illustrate your understanding by using TWO (2) real life examples for product innovation that follow the radical fashion.",Understand,figshare_exam_questions,en
In one sentence explain the main idea of a written passage.,Understand,figshare_exam_questions,en
In one sentence illustrate the main point of a written passage.,Understand,figshare_exam_questions,en
In order to reduce the international competition to protect some major sector of the economy. List and explain THREE (3) instruments that can use to protect our domestic industries.,Understand,figshare_exam_questions,en
"In soil pH, define buffering and explain why it is important in soils.",Understand,figshare_exam_questions,en
"In their efforts to achieve their macroeconomic objectives, all governments, regardless of political persuasion, employ the same types of policy instrument. Discuss.",Understand,figshare_exam_questions,en
"In your opinion, discuss how modern supply chain management systems facilitate a pull-based model.",Understand,figshare_exam_questions,en
"In your opinion, identify the relationship between factors of and a country's economic system.",Understand,figshare_exam_questions,en
"In your opinion, provide any TWO (2) reasons why the actions of one firm can significantly affect the sales of the other firms in an oligopoly market.",Understand,figshare_exam_questions,en
"In your own words, describe Supply Chain Management (SCM).",Understand,figshare_exam_questions,en
"In your own words, how would you define transferable skills",Understand,figshare_exam_questions,en
"In your own words, how would you summarize the story up",Understand,figshare_exam_questions,en
"In your own words, tell what is meant by the definition of an isosceles triangle.",Understand,figshare_exam_questions,en
"In your own words, tell what the story is about.",Understand,figshare_exam_questions,en
Independent Non-Executive Directors (INEDs) play crucial roles in the assurance of effective corporate governance of public listed companies. Provide an assessment on the contributions of INEDs in promoting effective corporate governance.,Understand,figshare_exam_questions,en
Informal communication network roles are equally important as formal ones. Describe any FOUR (4) of the influential roles and discuss the benefits each of the roles can bring to organizations.,Understand,figshare_exam_questions,en
Information technology can be expensive. Identify and explain FIVE (5) factors that put upward pressure on internet pricing for online retailer.,Understand,figshare_exam_questions,en
Interpret FIVE (5) emerging trends of technology application in education.,Understand,figshare_exam_questions,en
Interpret FIVE (5) usage of Learning Management System as an emerging technology in the context of teaching and learning.,Understand,figshare_exam_questions,en
Interpret the pictures.,Understand,figshare_exam_questions,en
"Interpret the relationship found between these item sets in terms of Support, Lift and Confidence.",Understand,figshare_exam_questions,en
Ion implantation is one of the popular methods to dope semiconductors. Discuss the control parameters for this method.,Understand,figshare_exam_questions,en
"Just-in-time (JIT) attempts to remove delays, which do not add value. Explain how JIT copes with weather and its impact on crop harvest and transportation times.",Understand,figshare_exam_questions,en
Letter of credit is a written promises to pay third party on clients behalf. Explain the functions of commercial letter of credit and standby letter of credit.,Understand,figshare_exam_questions,en
List TEN (10) components of an effective crisis communication plan.,Understand,figshare_exam_questions,en
List THREE (3) characteristics of monopolistic competition and explain how do firms in this market structure compete.,Understand,figshare_exam_questions,en
List and briefly describe the FOUR soil forming processes.,Understand,figshare_exam_questions,en
List and discuss briefly FIVE (5) learner-related factors when conducting an English lesson to a class of Form Two students.,Understand,figshare_exam_questions,en
List and explain THREE factors that are affecting microbial biodegradation rates of petroleum hydrocarbon.,Understand,figshare_exam_questions,en
List and explain TWO (2) advantages and THREE (3) disadvantages of economic growth.,Understand,figshare_exam_questions,en
List and explain TWO simple techniques used to prepare colloids by mean of dispersion. Use simple diagrams to clarify the explanation.,Understand,figshare_exam_questions,en
List and explain the FIVE (5) institutional structures that can promote and sustained economic growth.,Understand,figshare_exam_questions,en
List and explain the FOUR (4) considerations when selecting a basement wall.,Understand,figshare_exam_questions,en
List and explain the TWO (2) processes that can be done with the areas of the image that should be displayed in some color which is not available in the reduced palette.,Understand,figshare_exam_questions,en
List and explain the reason why the aggregate demand curve is downward slopping.,Understand,figshare_exam_questions,en
List any THREE (3) pairs of system functions that should be separated in the centralized computer services organization and describe a risk exposure if the functions are not separated.,Understand,figshare_exam_questions,en
List down ALL types of brick wall and give explanations for each type of the wall.,Understand,figshare_exam_questions,en
List the advantages and limitations of protein crystal structure determination using X-Ray crystallography.,Understand,figshare_exam_questions,en
"List the five groupings of amino acids based on the R groups, Give one example for each group.",Understand,figshare_exam_questions,en
List the major forces acting on the concrete body of the dam excluding earthquake and wind forces.,Understand,figshare_exam_questions,en
"List the three types of RNA involved in the transcription and translation, and briefly explain their functions.",Understand,figshare_exam_questions,en
"Local oxidation of silicon or LOCOS is a type of application which involves wet oxidation. With the aid of diagrams, briefly illustrate this process.",Understand,figshare_exam_questions,en
"MLPs are frequently used to approximate functions. However, the quality of the approximation depends on the parameters of the MLP used. Discuss how this quality is affected by the number of hidden layers used in the MLP.",Understand,figshare_exam_questions,en
Majority shareholders may be opportunistic at the expense of minority shareholders due to their controlling stake in the company. Explain majority agency problem in the context of corporate governance.,Understand,figshare_exam_questions,en
Malaysia is currently having trade deficit and policy maker tries to improve the balance of trade by depreciate the Ringgit Malaysia. Discuss the impact of this policy by using an appropriate diagram.,Understand,figshare_exam_questions,en
Managing and engaging stakeholders have gained important grounds in corporate decision making. Provide your justifications for companies to adopt stakeholder model.,Understand,figshare_exam_questions,en
"Market anomalies are research findings that do not support market efficiency hypothesis; that is, they are evidence that inefficiencies do exist. Discuss FIVE (5) common market anomalies.",Understand,figshare_exam_questions,en
Market research firms and product review sites are examples of infomediary. Discuss the role and benefits of an infomediary model in the online distribution system.,Understand,figshare_exam_questions,en
"Marketers theorize that just as humans pass through stages in life from infancy to old age, products also pass through a product life cycle. Explain all FOUR (4) stages of a product life cycle.",Understand,figshare_exam_questions,en
Mass media regularly use women in the mediuin of marketing and advertising. Discuss the possible negative consequences for various segments of the population and society.,Understand,figshare_exam_questions,en
Massive Open Online Course (MOOC) is a developing trend in media and technology. Predict the future of higher education with MOOC.,Understand,figshare_exam_questions,en
"Media planners want both effective and efficient media buys. In your role as a new media planner of a digital marketing agency, explain how would you know you have made an effective advertising buy over the internet.",Understand,figshare_exam_questions,en
Name FOUR enzymes in DNA replication and state their functions.,Understand,figshare_exam_questions,en
"Name a commercially available software or an open-source software that does the computational analysis of flows of hydraulic engineering and explain what it is used for, what equations based on what assumptions it uses and how then are solved.",Understand,figshare_exam_questions,en
Name and briefly describe three types of column chromatography used in protein purification.,Understand,figshare_exam_questions,en
Name and briefly discuss the EIGHT (8) documents used in the purchase and cash disbursement process of a company.,Understand,figshare_exam_questions,en
Name and describe the two ways that the data source window allows data to be viewed.,Understand,figshare_exam_questions,en
Name the TWO (2) categories and explain the differences between the two categories.,Understand,figshare_exam_questions,en
Name the TWO ways of how molecules bonded to surface. Provide a brief description on the modes of adsorption.,Understand,figshare_exam_questions,en
Name the four different types of interactions involved in building the tertiary structure of proteins and give one denaturing agent for each.,Understand,figshare_exam_questions,en
Name the two classes of monosaccharide. Draw and name the simplest structure of molecule in each class.,Understand,figshare_exam_questions,en
Name two super secondary structures found within enzymes which involved formation of a-helices. Describe how the a-helices could be maintained in an enzyme.,Understand,figshare_exam_questions,en
National income accounting refers to a set of rules and techniques that are used to measure the national income of a country. Explain EIGHT (8) significant factors of national income accounting.,Understand,figshare_exam_questions,en
National income accounting refers to a set of rules and techniques that are used to measure the national income of a country. Explain the EIGHT (8) reasons why national income accounting is important.,Understand,figshare_exam_questions,en
"New issues are called primary issues, that reflect to the first issued of security in the primary market. Elaborate the steps of bringing a new security to the market.",Understand,figshare_exam_questions,en
Outline FIVE (5) functional requirements of a floor.,Understand,figshare_exam_questions,en
Outline TWO (2) main causes of inflation.,Understand,figshare_exam_questions,en
"Outline an ""attack plan"" that will allow you to test your hypothesis using computational molecular modeling tools",Understand,figshare_exam_questions,en
Outline in your own words how the Leggo's Tomato Paste advertisement sells their product.,Understand,figshare_exam_questions,en
Outline the FIVE (5) options marketers have when it comes to Agency Selection.,Understand,figshare_exam_questions,en
Outline the aim of two studies within the,Understand,figshare_exam_questions,en
Outline the mechanisms employed by bacteria allowing them to evade phagocytic destruction.,Understand,figshare_exam_questions,en
Outline the most important insight of the tale.,Understand,figshare_exam_questions,en
Outline your experience in working with service users,Understand,figshare_exam_questions,en
Oxidation is one of the most important thermal processes. Briefly discuss the characteristics of dry oxidation.,Understand,figshare_exam_questions,en
Oxidation is one of the most important thermal processes. Briefly explain the TWO (2) types of oxidation process.,Understand,figshare_exam_questions,en
"Oxygen is effectively transported by hemoglobin, regulated by some allosteric effectors in human blood. Name these allosteric effectors and discuss how their presence increases effective delivery of oxygen to tissues.",Understand,figshare_exam_questions,en
Paraphrase an important speech,Understand,figshare_exam_questions,en
Paraphrase the poem in your own words,Understand,figshare_exam_questions,en
"Paraphrase this poem about Sheik Schubli, explaining what he was saying about the characteristics of a friend",Understand,figshare_exam_questions,en
Paraphrase what Hamlet is saying in his soliloquy.,Understand,figshare_exam_questions,en
Personalization is becoming an important element in Electronic Commerce. Explain TWO (2) techniques that can be used to learn about consumer behavior and how it can be used to facilitate customer service.,Understand,figshare_exam_questions,en
Pre-cast concrete retaining walls may be constructed with any or all of the joints. Describe the THREE (3) types of joints used.,Understand,figshare_exam_questions,en
Predict the effects of excess application of nitrogen fertilizer into the soil.,Understand,figshare_exam_questions,en
Provide (with explanations) THREE (3) differences Programming and System Programming.,Understand,figshare_exam_questions,en
Provide FOUR (4) reasons of using aggregate in concrete production.,Understand,figshare_exam_questions,en
Provide TWO (2) possible reasons why AirAsia decide to offer this new online service.,Understand,figshare_exam_questions,en
"Provide a guideline for effective use of photography of display materials"" in teaching of English language.",Understand,figshare_exam_questions,en
Provide a real life example on conflict of interest situation.,Understand,figshare_exam_questions,en
Provide arguments on how these investment strategies help in maintaining market efficiency.,Understand,figshare_exam_questions,en
Provide each of Market Economy and Planned Economy with an example.,Understand,figshare_exam_questions,en
Provide the objectives of building maintenance.,Understand,figshare_exam_questions,en
Reason why a pornographic viewer's mind is likened to an addict's mind. Provide TWO (2) points.,Understand,figshare_exam_questions,en
Reason why hunger cannot be simplified as yet another homeostatic process. Provide TWO (2) points.,Understand,figshare_exam_questions,en
"Referring to the given poster design, explain in details the usage of elements and principles of arts.",Understand,figshare_exam_questions,en
Relate FOUR (4) disadvantages of Web-based learning as an emerging digital technology used in teaching and learning.,Understand,figshare_exam_questions,en
Restate main idea of story in own words.,Understand,figshare_exam_questions,en
Restate the Olympic motto in your own words.,Understand,figshare_exam_questions,en
Retell the story in your words.,Understand,figshare_exam_questions,en
Rewrite a part in the poem using a different speaker,Understand,figshare_exam_questions,en
Rewrite the markov matrix to account for this slight change.,Understand,figshare_exam_questions,en
Rewrite the principles of test writing.,Understand,figshare_exam_questions,en
"Rewrite the sentence in your head, following the direction given below",Understand,figshare_exam_questions,en
Rewrite you predicted equation for the ideal gas law,Understand,figshare_exam_questions,en
Rewriting and restructuring are the methods to modify instructional material when it is adapted. Illustrate both methods by adapting a short story to teach speaking to intermediate proficiency students.,Understand,figshare_exam_questions,en
Select a local 'HOMEGROWN' brand and discuss its international marketing mix.,Understand,figshare_exam_questions,en
Select the best title for a passage,Understand,figshare_exam_questions,en
Simplify the return statement in the max method using the ternary operator,Understand,figshare_exam_questions,en
Sketch ONE (1) movement to show repetition in shape and color.,Understand,figshare_exam_questions,en
Sketch ONE (1) organic object in one layout to show harmony in shape and color.,Understand,figshare_exam_questions,en
Sleep is a local phenomenon. Explain how this is possible. Provide TWO (2) examples to illustrate this.,Understand,figshare_exam_questions,en
"Starting from a point of equilibrium, explain the case of a decreasing - cost industry in a perfectly competitive market with the aid of diagram(s).",Understand,figshare_exam_questions,en
State 'corporate governance' definition as mentioned in Cadbury Report (1992). Explain Malaysian Code on Corporate Governance (MCCG) 2017 “corporate governance' definition in details.,Understand,figshare_exam_questions,en
State FOUR (4) reasons why level strategy is attractive to some companies in preparing aggregate production plan.,Understand,figshare_exam_questions,en
State TWO types of enzyme specificities that do not agree with lock and key model. Explain your answer.,Understand,figshare_exam_questions,en
State a main difference between a customer and a contact.,Understand,figshare_exam_questions,en
State and discuss on the general features of authoring tool.,Understand,figshare_exam_questions,en
State and discuss the approach as prescribed in Malaysian Code on Corporate Governance (MCCG) 2017.,Understand,figshare_exam_questions,en
"State any TWO (2) of Malaysia's rules, regulations or standards which are related to scaffolding and falsework.",Understand,figshare_exam_questions,en
State in one word ...,Understand,figshare_exam_questions,en
State in your own words ...,Understand,figshare_exam_questions,en
State in your own words the rule for balls and strikes in baseball.,Understand,figshare_exam_questions,en
State in your own words what the author means when he says,Understand,figshare_exam_questions,en
State in your own words where in the library to find previous issues of journals that are no longer in the display racks.,Understand,figshare_exam_questions,en
State the TWO biological isoprene building blocks and the enzyme involved in synthesising the precursor.,Understand,figshare_exam_questions,en
State the advantage of applying each step in the purification scheme.,Understand,figshare_exam_questions,en
State the conditions necessary for the formation of enzyme's quaternary structure. Explain how quaternary structure could contribute to enzyme stability.,Understand,figshare_exam_questions,en
State the conductivity of a semiconductor at 0 K and clearly explain your answer.,Understand,figshare_exam_questions,en
State the differences between invention and innovation.,Understand,figshare_exam_questions,en
State the forces stabilizing functional structure of enzyme which is most susceptible to drastic pH changes. Explain your answer using an example.,Understand,figshare_exam_questions,en
State the four different bias modes of a BJT and explain how they are obtained.,Understand,figshare_exam_questions,en
State the importance of data generated from a given hydrophobicity plot. Describe the relevant information that can be deduced from the plot generated.,Understand,figshare_exam_questions,en
State the objective of proactive resistance management and briefly describe THREE methods of this management.,Understand,figshare_exam_questions,en
State the significance of “Score” in the BlastX alignment.,Understand,figshare_exam_questions,en
State two differences between a JFET and a BJT.,Understand,figshare_exam_questions,en
State which market structure adopts this practice. List and briefly explain what are the conditions needed for this practice to be successful.,Understand,figshare_exam_questions,en
State your opinion on whether financial reporting system is more important than management reporting system and the appropriateness of placing more emphasis on producing non-discretionary financial reports. Provide arguments to support.,Understand,figshare_exam_questions,en
"State, define and list the advantage(s) and disadvantage(s) of the THREE animal selection methods for multiple traits.",Understand,figshare_exam_questions,en
Steel is the most widely used reinforcing materials in concrete structure. Briefly explain the general properties of steel.,Understand,figshare_exam_questions,en
Stock market serves as an important predictor of economic activities. Explain how the stock market values can predict real economic activity.,Understand,figshare_exam_questions,en
Subsurface exploration can be divided into THREE (3) programs. Explain in detail the conclusion that could be derived from each program.,Understand,figshare_exam_questions,en
Summarise the challenges of global advertising.,Understand,figshare_exam_questions,en
Summarize Jem’s beliefs about Boo Radley,Understand,figshare_exam_questions,en
Summarize a historical document,Understand,figshare_exam_questions,en
Summarize a story in own words.,Understand,figshare_exam_questions,en
Summarize the basic tenets of collaborative conservation.,Understand,figshare_exam_questions,en
Summarize the basic tenets of deconstructionism.,Understand,figshare_exam_questions,en
Summarize the data purification process.,Understand,figshare_exam_questions,en
Summarize the main point of these two texts in your own words,Understand,figshare_exam_questions,en
Summarize this magazine article.,Understand,figshare_exam_questions,en
"Suppose prices of two goods are constant, explain what will happen to the budget line if there is an increase in consumer's income. Support your answer with an appropriate diagram.",Understand,figshare_exam_questions,en
Tell how Phillip kept himself alive after Timothy died.,Understand,figshare_exam_questions,en
Tell in your own words how the setting of the story made it more interesting.,Understand,figshare_exam_questions,en
Tell in your own words the beginning of the book.,Understand,figshare_exam_questions,en
Thailand currently experiences a 17% unemployment rate and the investors in the country are sensitive towards changes in the interest rate. Explain to your friend the policy to be taken by Central Bank of Thailand to achieve 3% of unemployment rate by using appropriate diagram(s).,Understand,figshare_exam_questions,en
The 'creators' and critics' are the most desired social segments. Explain how social media marketers are able to increase these segments' level of involvement in the social media.,Understand,figshare_exam_questions,en
The Glass-Steagall Act of 1933 and the Financial Services Modernization Act of 1999 created impact on commercial banks and investment banks in the US. Explain each act in detail.,Understand,figshare_exam_questions,en
"The Malaysian economy is currently operating at the natural level of output. In order to be a high-income country in 2020, government of Malaysia decides to increase the government spending. Discuss the effects of the event on the price level, unemployment and output in the long run and short run in Malaysia with appropriate diagrams.",Understand,figshare_exam_questions,en
The Political-Legal Environment of the Home Country is included In International marketing and advertising. Explain the Trade Sanctions and Export and Import Controls.,Understand,figshare_exam_questions,en
The design rules are usually described in TWO (2) ways. Describe these TWO (2) ways.,Understand,figshare_exam_questions,en
The foundation is the base on which a building rest and its purpose is to safely transfer the load of a building to a suitable subsoil. Identify the specified bearing loads and give the explanations for each bearing load.,Understand,figshare_exam_questions,en
The general objective of inventory control is to minimize the total cost of keeping the inventory while making trade-offs. Elaborate the FOUR (4) major categories of cost in inventory control.,Understand,figshare_exam_questions,en
"The internet has been considered as a low cost option for selling products and services. From a firm's perspective, explain FOUR (4) factors that add to the cost of doing business on the internet.",Understand,figshare_exam_questions,en
The internet increases customer benefits in many ways that have revolutionised marketing practices. Discuss with examples THREE (3) ways in which internet increases customer benefits from products offered online.,Understand,figshare_exam_questions,en
The key success of Arnold Palmer Hospital is its implementation of Total Quality Management (TQM) Programme. Describe FIVE (5) principles of TQM Programme which have been adopted by the aforesaid hospital.,Understand,figshare_exam_questions,en
The major constituent of palm oil is triglyceride. Describe TWO reactions of triglyceride which could affect the quality of vegetable oils.,Understand,figshare_exam_questions,en
The oil palm (Elaeis guineensis) is an erect monoecious plant. Describe how its inflorescences develop into fruit and relate this to the pest control practice that could affect the productivity of the oil palm.,Understand,figshare_exam_questions,en
The option's premium represents the price of the option that change over time. Discuss FOUR (4) factors that affecting premium of an option.,Understand,figshare_exam_questions,en
The oscillating jet method is commonly used to study the surface/interfacial tensions. Give another THREE methods that are used to measure surface/interfacial tension.,Understand,figshare_exam_questions,en
The pre-planning stage of a lesson takes into consideration several factors. Name FIVE (5) external factors and briefly explain the importance of each of the factors.,Understand,figshare_exam_questions,en
The price of good is one of the internal factors of determinants of demands and it also depends on the cost of production. Describe the TWO (2) types of production cost with examples.,Understand,figshare_exam_questions,en
"The substrates of allosteric enzymes exhibit positive cooperativity. Explain positive cooperativity in terms of subunits, conformation, and activity of the active site.",Understand,figshare_exam_questions,en
"The technology of VLSI is defined by the feature size. With the aid of a diagram, explain the feature size.",Understand,figshare_exam_questions,en
"There are TWO (2) common methods used in the semiconductor industry to fabricate single crystal silicon. With the aid of diagrams, name and explain the methods.",Understand,figshare_exam_questions,en
There are a number of factors influencing the productivity of a sector of the economy. Explain accordingly.,Understand,figshare_exam_questions,en
"There are five (5) techniques in adapting materials as conjured by McDonough, Shaw and Matsuhara (2012). Elaborate on the ADDING technique to adapt a topic in a course book to teach present tense to Form 1 low proficiency students by using example.",Understand,figshare_exam_questions,en
There are several factors that influence language teaching and language learning. Name and briefly explain the FIVE (5) external factors that you would consider when teaching English Language.,Understand,figshare_exam_questions,en
Thomas (1976) has identified five styles in resolving a conflict such as avoidance. Explain the other FOUR (4) styles in resolving a conflict.,Understand,figshare_exam_questions,en
"Three sales sub-stages: qualification, proposition and negotiation are included in both OpenERP and SugarCRM, before a deal is won. Give a brief description of these sub-stages.",Understand,figshare_exam_questions,en
Timber and plastic are common materials used in construction industry. Elaborate FIVE (5) specific applications for each material in building construction.,Understand,figshare_exam_questions,en
Translate a written text aloud from L2 to English.,Understand,figshare_exam_questions,en
Translate an equation into a computer spreadsheet.,Understand,figshare_exam_questions,en
Translate an equation into a spreadsheet formula.,Understand,figshare_exam_questions,en
Translate the following algorithm into Java code,Understand,figshare_exam_questions,en
Translate the following passage from The Iliad into English.,Understand,figshare_exam_questions,en
Treating emotion as a useful concept is challenging. Critically discuss why treating emotion as a useful concept is challenging. Provide TWO (2) points.,Understand,figshare_exam_questions,en
Two different soils were obtained during sampling and the distance between the two sites were only 100 meters apart. Discuss TWO soil forming factors which are most likely to explain the differences.,Understand,figshare_exam_questions,en
Use the E-pH or Pourbaix diagram of Cr to determine the control current and potential for the anodic protection of a S43000 stainless steel vessel.,Understand,figshare_exam_questions,en
"Using Tom Duncan's levels of brand relationship intensity, explain the relationship between Apple iPhone and its customers.",Understand,figshare_exam_questions,en
"Using an appropriate example, describe how competitive ELISA works.",Understand,figshare_exam_questions,en
"Using an appropriate example, discuss how MVC can lead to a good design of a particular web application.",Understand,figshare_exam_questions,en
"Using an appropriate example, explain how static data can be shared effectively among several web resources.",Understand,figshare_exam_questions,en
"Using the process approach in writing composition, describe the activities you would carry out to write a composition entitled 'A visit to a zoo in a Form 1 class.",Understand,figshare_exam_questions,en
Various policies were implemented by the governments in order to mitigate the concerns over efficient losses arising from natural monopoly. Describe natural monopoly and provide ONE (1) example of natural monopoly.,Understand,figshare_exam_questions,en
Weeds reduce the quality of crops and livestock. Explain.,Understand,figshare_exam_questions,en
"With respect to the data processing cycle of an organisation, explain the ""garbage in, garbage out"". Briefly discuss on the measures to be taken by the companies to avoid “garbage in"" data input errors.",Understand,figshare_exam_questions,en
"With suitable examples, briefly discuss the importance of soil aeration.",Understand,figshare_exam_questions,en
"With the aid of a diagram, explain LOCOS.",Understand,figshare_exam_questions,en
"With the aid of a flow chart, briefly describe the steps involved in developing a successful animal breeding programme.",Understand,figshare_exam_questions,en
"With the aid of diagrams, describe how the soil structure influences the rate of water leaching.",Understand,figshare_exam_questions,en
Write TWO reasons on the slow adoption of biological control in weed management.,Understand,figshare_exam_questions,en
Write a Java loop that will display the phrase one more time four times. Include any declarations or initializing statements that are needed.,Understand,figshare_exam_questions,en
Write a short note about mulch and how mulching could help in controlling soil temperature.,Understand,figshare_exam_questions,en
Write a statement to set the visibility property of Label1 to the checked property of checkBox1.,Understand,figshare_exam_questions,en
"Write an appropriate learning outcome to teach “in”, “on”, beside', 'opposite and 'under.",Understand,figshare_exam_questions,en
Write an assignment statement that disables a radiobutton named radioButton.,Understand,figshare_exam_questions,en
Write down Schrodinger's equation in one dimension and explain the meaning of each term of the equation.,Understand,figshare_exam_questions,en
Write in details FIVE (5) phases of design process.,Understand,figshare_exam_questions,en
Write short notes on the structure and functions of polysaccharides by giving relevant example.,Understand,figshare_exam_questions,en
Write short notes on the structure of RNA.,Understand,figshare_exam_questions,en
You are appointed to identify building defects for a new building. Briefly identify SIX (6) common construction problems you would expect for modern buildings.,Understand,figshare_exam_questions,en
You are conducting a building survey for a 2 year old building where you reported premature building decay. Explain the possible factors that may cause these defects to the building owner.,Understand,figshare_exam_questions,en
You are the new online advertising consultant for Loreal Malaysia. Explain to your client SEVEN (7) important paid media metrics in online advertising.,Understand,figshare_exam_questions,en
You are working with SP Setia Properties as the Sales Manager for the following project. Discuss EIGHT (8) ways to increase profits of the project.,Understand,figshare_exam_questions,en
would you classify the zener diode in this circuit as a series voltage regulator or a shunt voltage regulator,Understand,figshare_exam_questions,en
"“As additional units of a variable input are added to a fixed input, the marginal product of the variable input may at the beginning rises, subsequently falls and becomes negative in the short-run"". Explain this statement by using appropriate diagrams.",Understand,figshare_exam_questions,en
“Millennials and kids are important market segments for e-marketers”. Discuss on the above statement.,Understand,figshare_exam_questions,en
